year,gp,Driver,Team,grid_position,quali_position,driver_last_lap,race_total_laps,lap_completion_pct,dnf,dnf_rate_driver,dnf_rate_team,dnf_rate_gp,regulation_era
2022,Abu Dhabi Grand Prix,ALB,Williams,19.0,19.0,57,58,0.9827586206896551,0,,,,0
2022,Abu Dhabi Grand Prix,ALO,Alpine,11.0,11.0,27,58,0.46551724137931033,1,,,0.0,0
2022,Abu Dhabi Grand Prix,BOT,Alfa Romeo,18.0,18.0,57,58,0.9827586206896551,0,,,0.5,0
2022,Abu Dhabi Grand Prix,GAS,AlphaTauri,17.0,17.0,57,58,0.9827586206896551,0,,,0.3333333333333333,0
2022,Abu Dhabi Grand Prix,HAM,Mercedes,5.0,5.0,55,58,0.9482758620689655,0,,,0.25,0
2022,Abu Dhabi Grand Prix,LAT,Williams,20.0,20.0,55,58,0.9482758620689655,0,,0.0,0.2,0
2022,Abu Dhabi Grand Prix,LEC,Ferrari,3.0,3.0,58,58,1.0,0,,,0.16666666666666666,0
2022,Abu Dhabi Grand Prix,MAG,Haas F1 Team,16.0,16.0,57,58,0.9827586206896551,0,,,0.14285714285714285,0
2022,Abu Dhabi Grand Prix,MSC,Haas F1 Team,13.0,13.0,57,58,0.9827586206896551,0,,0.0,0.125,0
2022,Abu Dhabi Grand Prix,NOR,McLaren,7.0,7.0,58,58,1.0,0,,,0.1111111111111111,0
2022,Abu Dhabi Grand Prix,OCO,Alpine,8.0,8.0,58,58,1.0,0,,1.0,0.1,0
2022,Abu Dhabi Grand Prix,PER,Red Bull Racing,2.0,2.0,58,58,1.0,0,,,0.09090909090909091,0
2022,Abu Dhabi Grand Prix,RIC,McLaren,10.0,10.0,58,58,1.0,0,,0.0,0.08333333333333333,0
2022,Abu Dhabi Grand Prix,RUS,Mercedes,6.0,6.0,58,58,1.0,0,,0.0,0.07692307692307693,0
2022,Abu Dhabi Grand Prix,SAI,Ferrari,4.0,4.0,58,58,1.0,0,,0.0,0.07142857142857142,0
2022,Abu Dhabi Grand Prix,STR,Aston Martin,14.0,14.0,58,58,1.0,0,,,0.06666666666666667,0
2022,Abu Dhabi Grand Prix,TSU,AlphaTauri,12.0,12.0,58,58,1.0,0,,0.0,0.0625,0
2022,Abu Dhabi Grand Prix,VER,Red Bull Racing,1.0,1.0,58,58,1.0,0,,0.0,0.058823529411764705,0
2022,Abu Dhabi Grand Prix,VET,Aston Martin,9.0,9.0,58,58,1.0,0,,0.0,0.05555555555555555,0
2022,Abu Dhabi Grand Prix,ZHO,Alfa Romeo,15.0,15.0,57,58,0.9827586206896551,0,,0.0,0.05263157894736842,0
2022,Australian Grand Prix,ALB,Williams,16.0,16.0,58,58,1.0,0,0.0,0.0,,0
2022,Australian Grand Prix,ALO,Alpine,10.0,10.0,57,58,0.9827586206896551,0,1.0,0.5,0.0,0
2022,Australian Grand Prix,BOT,Alfa Romeo,12.0,12.0,58,58,1.0,0,0.0,0.0,0.0,0
2022,Australian Grand Prix,GAS,AlphaTauri,11.0,11.0,58,58,1.0,0,0.0,0.0,0.0,0
2022,Australian Grand Prix,HAM,Mercedes,5.0,5.0,58,58,1.0,0,0.0,0.0,0.0,0
2022,Australian Grand Prix,LAT,Williams,19.0,19.0,57,58,0.9827586206896551,0,0.0,0.0,0.0,0
2022,Australian Grand Prix,LEC,Ferrari,1.0,1.0,58,58,1.0,0,0.0,0.0,0.0,0
2022,Australian Grand Prix,MAG,Haas F1 Team,17.0,17.0,57,58,0.9827586206896551,0,0.0,0.0,0.0,0
2022,Australian Grand Prix,MSC,Haas F1 Team,15.0,15.0,57,58,0.9827586206896551,0,0.0,0.0,0.0,0
2022,Australian Grand Prix,NOR,McLaren,4.0,4.0,58,58,1.0,0,0.0,0.0,0.0,0
2022,Australian Grand Prix,OCO,Alpine,8.0,8.0,58,58,1.0,0,0.0,0.3333333333333333,0.0,0
2022,Australian Grand Prix,PER,Red Bull Racing,3.0,3.0,58,58,1.0,0,0.0,0.0,0.0,0
2022,Australian Grand Prix,RIC,McLaren,7.0,7.0,58,58,1.0,0,0.0,0.0,0.0,0
2022,Australian Grand Prix,RUS,Mercedes,6.0,6.0,58,58,1.0,0,0.0,0.0,0.0,0
2022,Australian Grand Prix,SAI,Ferrari,9.0,9.0,2,58,0.034482758620689655,1,0.0,0.0,0.0,0
2022,Australian Grand Prix,STR,Aston Martin,20.0,20.0,58,58,1.0,0,0.0,0.0,0.06666666666666667,0
2022,Australian Grand Prix,TSU,AlphaTauri,13.0,13.0,57,58,0.9827586206896551,0,0.0,0.0,0.0625,0
2022,Australian Grand Prix,VER,Red Bull Racing,2.0,2.0,39,58,0.6724137931034483,1,0.0,0.0,0.058823529411764705,0
2022,Australian Grand Prix,VET,Aston Martin,18.0,18.0,23,58,0.39655172413793105,1,0.0,0.0,0.1111111111111111,0
2022,Australian Grand Prix,ZHO,Alfa Romeo,14.0,14.0,58,58,1.0,0,0.0,0.0,0.15789473684210525,0
2022,Austrian Grand Prix,ALB,Williams,11.0,11.0,70,71,0.9859154929577465,0,0.0,0.0,,0
2022,Austrian Grand Prix,ALO,Alpine,8.0,8.0,70,71,0.9859154929577465,0,0.5,0.25,0.0,0
2022,Austrian Grand Prix,BOT,Alfa Romeo,12.0,12.0,70,71,0.9859154929577465,0,0.0,0.0,0.0,0
2022,Austrian Grand Prix,GAS,AlphaTauri,10.0,10.0,70,71,0.9859154929577465,0,0.0,0.0,0.0,0
2022,Austrian Grand Prix,HAM,Mercedes,9.0,9.0,71,71,1.0,0,0.0,0.0,0.0,0
2022,Austrian Grand Prix,LAT,Williams,19.0,19.0,48,71,0.676056338028169,1,0.0,0.0,0.0,0
2022,Austrian Grand Prix,LEC,Ferrari,2.0,2.0,71,71,1.0,0,0.0,0.25,0.16666666666666666,0
2022,Austrian Grand Prix,MAG,Haas F1 Team,6.0,6.0,70,71,0.9859154929577465,0,0.0,0.0,0.14285714285714285,0
2022,Austrian Grand Prix,MSC,Haas F1 Team,7.0,7.0,70,71,0.9859154929577465,0,0.0,0.0,0.125,0
2022,Austrian Grand Prix,NOR,McLaren,15.0,15.0,70,71,0.9859154929577465,0,0.0,0.0,0.1111111111111111,0
2022,Austrian Grand Prix,OCO,Alpine,5.0,5.0,71,71,1.0,0,0.0,0.2,0.1,0
2022,Austrian Grand Prix,PER,Red Bull Racing,13.0,13.0,24,71,0.3380281690140845,1,0.0,0.25,0.09090909090909091,0
2022,Austrian Grand Prix,RIC,McLaren,16.0,16.0,70,71,0.9859154929577465,0,0.0,0.0,0.16666666666666666,0
2022,Austrian Grand Prix,RUS,Mercedes,4.0,4.0,71,71,1.0,0,0.0,0.0,0.15384615384615385,0
2022,Austrian Grand Prix,SAI,Ferrari,3.0,3.0,57,71,0.8028169014084507,1,0.5,0.2,0.14285714285714285,0
2022,Austrian Grand Prix,STR,Aston Martin,17.0,17.0,70,71,0.9859154929577465,0,0.0,0.25,0.2,0
2022,Austrian Grand Prix,TSU,AlphaTauri,14.0,14.0,70,71,0.9859154929577465,0,0.0,0.0,0.1875,0
2022,Austrian Grand Prix,VER,Red Bull Racing,1.0,1.0,71,71,1.0,0,0.5,0.4,0.17647058823529413,0
2022,Austrian Grand Prix,VET,Aston Martin,20.0,20.0,70,71,0.9859154929577465,0,0.5,0.2,0.16666666666666666,0
2022,Austrian Grand Prix,ZHO,Alfa Romeo,18.0,18.0,70,71,0.9859154929577465,0,0.0,0.0,0.15789473684210525,0
2022,Azerbaijan Grand Prix,ALB,Williams,17.0,17.0,50,51,0.9803921568627451,0,0.0,0.16666666666666666,,0
2022,Azerbaijan Grand Prix,ALO,Alpine,10.0,10.0,51,51,1.0,0,0.3333333333333333,0.16666666666666666,0.0,0
2022,Azerbaijan Grand Prix,BOT,Alfa Romeo,15.0,15.0,50,51,0.9803921568627451,0,0.0,0.0,0.0,0
2022,Azerbaijan Grand Prix,GAS,AlphaTauri,6.0,6.0,51,51,1.0,0,0.0,0.0,0.0,0
2022,Azerbaijan Grand Prix,HAM,Mercedes,7.0,7.0,51,51,1.0,0,0.0,0.0,0.0,0
2022,Azerbaijan Grand Prix,LAT,Williams,18.0,18.0,50,51,0.9803921568627451,0,0.3333333333333333,0.14285714285714285,0.0,0
2022,Azerbaijan Grand Prix,LEC,Ferrari,1.0,1.0,21,51,0.4117647058823529,1,0.0,0.3333333333333333,0.0,0
2022,Azerbaijan Grand Prix,MAG,Haas F1 Team,16.0,16.0,32,51,0.6274509803921569,1,0.0,0.0,0.14285714285714285,0
2022,Azerbaijan Grand Prix,MSC,Haas F1 Team,20.0,20.0,50,51,0.9803921568627451,0,0.0,0.14285714285714285,0.25,0
2022,Azerbaijan Grand Prix,NOR,McLaren,11.0,11.0,51,51,1.0,0,0.0,0.0,0.2222222222222222,0
2022,Azerbaijan Grand Prix,OCO,Alpine,13.0,13.0,51,51,1.0,0,0.0,0.14285714285714285,0.2,0
2022,Azerbaijan Grand Prix,PER,Red Bull Racing,2.0,2.0,51,51,1.0,0,0.3333333333333333,0.3333333333333333,0.18181818181818182,0
2022,Azerbaijan Grand Prix,RIC,McLaren,12.0,12.0,51,51,1.0,0,0.0,0.0,0.16666666666666666,0
2022,Azerbaijan Grand Prix,RUS,Mercedes,5.0,5.0,51,51,1.0,0,0.0,0.0,0.15384615384615385,0
2022,Azerbaijan Grand Prix,SAI,Ferrari,4.0,4.0,9,51,0.17647058823529413,1,0.6666666666666666,0.42857142857142855,0.14285714285714285,0
2022,Azerbaijan Grand Prix,STR,Aston Martin,19.0,19.0,46,51,0.9019607843137255,0,0.0,0.16666666666666666,0.2,0
2022,Azerbaijan Grand Prix,TSU,AlphaTauri,8.0,8.0,50,51,0.9803921568627451,0,0.0,0.0,0.1875,0
2022,Azerbaijan Grand Prix,VER,Red Bull Racing,3.0,3.0,51,51,1.0,0,0.3333333333333333,0.2857142857142857,0.17647058823529413,0
2022,Azerbaijan Grand Prix,VET,Aston Martin,9.0,9.0,51,51,1.0,0,0.3333333333333333,0.14285714285714285,0.16666666666666666,0
2022,Azerbaijan Grand Prix,ZHO,Alfa Romeo,14.0,14.0,23,51,0.45098039215686275,1,0.0,0.0,0.15789473684210525,0
2022,Bahrain Grand Prix,ALB,Williams,14.0,14.0,57,57,1.0,0,0.0,0.125,,0
2022,Bahrain Grand Prix,ALO,Alpine,8.0,8.0,57,57,1.0,0,0.25,0.125,0.0,0
2022,Bahrain Grand Prix,BOT,Alfa Romeo,6.0,6.0,57,57,1.0,0,0.0,0.125,0.0,0
2022,Bahrain Grand Prix,GAS,AlphaTauri,10.0,10.0,45,57,0.7894736842105263,1,0.0,0.0,0.0,0
2022,Bahrain Grand Prix,HAM,Mercedes,5.0,5.0,57,57,1.0,0,0.0,0.0,0.25,0
2022,Bahrain Grand Prix,HUL,Aston Martin,17.0,17.0,57,57,1.0,0,,0.125,0.2,0
2022,Bahrain Grand Prix,LAT,Williams,20.0,20.0,57,57,1.0,0,0.25,0.1111111111111111,0.16666666666666666,0
2022,Bahrain Grand Prix,LEC,Ferrari,1.0,1.0,57,57,1.0,0,0.25,0.5,0.14285714285714285,0
2022,Bahrain Grand Prix,MAG,Haas F1 Team,7.0,7.0,57,57,1.0,0,0.25,0.125,0.125,0
2022,Bahrain Grand Prix,MSC,Haas F1 Team,12.0,12.0,57,57,1.0,0,0.0,0.1111111111111111,0.1111111111111111,0
2022,Bahrain Grand Prix,NOR,McLaren,13.0,13.0,57,57,1.0,0,0.0,0.0,0.1,0
2022,Bahrain Grand Prix,OCO,Alpine,11.0,11.0,57,57,1.0,0,0.0,0.1111111111111111,0.09090909090909091,0
2022,Bahrain Grand Prix,PER,Red Bull Racing,4.0,4.0,57,57,1.0,0,0.25,0.25,0.08333333333333333,0
2022,Bahrain Grand Prix,RIC,McLaren,18.0,18.0,57,57,1.0,0,0.0,0.0,0.07692307692307693,0
2022,Bahrain Grand Prix,RUS,Mercedes,9.0,9.0,57,57,1.0,0,0.0,0.0,0.07142857142857142,0
2022,Bahrain Grand Prix,SAI,Ferrari,3.0,3.0,57,57,1.0,0,0.75,0.4444444444444444,0.06666666666666667,0
2022,Bahrain Grand Prix,STR,Aston Martin,19.0,19.0,57,57,1.0,0,0.0,0.1111111111111111,0.0625,0
2022,Bahrain Grand Prix,TSU,AlphaTauri,16.0,16.0,57,57,1.0,0,0.0,0.1111111111111111,0.058823529411764705,0
2022,Bahrain Grand Prix,VER,Red Bull Racing,2.0,2.0,54,57,0.9473684210526315,0,0.25,0.2222222222222222,0.05555555555555555,0
2022,Bahrain Grand Prix,ZHO,Alfa Romeo,15.0,15.0,57,57,1.0,0,0.25,0.1111111111111111,0.05263157894736842,0
2022,Belgian Grand Prix,ALB,Williams,9.0,9.0,44,44,1.0,0,0.0,0.1,,0
2022,Belgian Grand Prix,ALO,Alpine,6.0,6.0,44,44,1.0,0,0.2,0.1,0.0,0
2022,Belgian Grand Prix,BOT,Alfa Romeo,20.0,20.0,2,44,0.045454545454545456,1,0.0,0.1,0.0,0
2022,Belgian Grand Prix,GAS,AlphaTauri,12.0,12.0,44,44,1.0,0,0.2,0.1,0.3333333333333333,0
2022,Belgian Grand Prix,HAM,Mercedes,7.0,7.0,1,44,0.022727272727272728,1,0.0,0.0,0.25,0
2022,Belgian Grand Prix,LAT,Williams,17.0,17.0,43,44,0.9772727272727273,0,0.2,0.09090909090909091,0.4,0
2022,Belgian Grand Prix,LEC,Ferrari,4.0,4.0,44,44,1.0,0,0.2,0.4,0.3333333333333333,0
2022,Belgian Grand Prix,MAG,Haas F1 Team,18.0,18.0,43,44,0.9772727272727273,0,0.2,0.1,0.2857142857142857,0
2022,Belgian Grand Prix,MSC,Haas F1 Team,15.0,15.0,43,44,0.9772727272727273,0,0.0,0.09090909090909091,0.25,0
2022,Belgian Grand Prix,NOR,McLaren,10.0,10.0,44,44,1.0,0,0.0,0.0,0.2222222222222222,0
2022,Belgian Grand Prix,OCO,Alpine,5.0,5.0,44,44,1.0,0,0.0,0.09090909090909091,0.2,0
2022,Belgian Grand Prix,PER,Red Bull Racing,3.0,3.0,44,44,1.0,0,0.2,0.2,0.18181818181818182,0
2022,Belgian Grand Prix,RIC,McLaren,11.0,11.0,44,44,1.0,0,0.0,0.0,0.16666666666666666,0
2022,Belgian Grand Prix,RUS,Mercedes,8.0,8.0,44,44,1.0,0,0.0,0.09090909090909091,0.15384615384615385,0
2022,Belgian Grand Prix,SAI,Ferrari,2.0,2.0,44,44,1.0,0,0.6,0.36363636363636365,0.14285714285714285,0
2022,Belgian Grand Prix,STR,Aston Martin,14.0,14.0,44,44,1.0,0,0.0,0.1,0.13333333333333333,0
2022,Belgian Grand Prix,TSU,AlphaTauri,19.0,19.0,44,44,1.0,0,0.0,0.09090909090909091,0.125,0
2022,Belgian Grand Prix,VER,Red Bull Racing,1.0,1.0,44,44,1.0,0,0.2,0.18181818181818182,0.11764705882352941,0
2022,Belgian Grand Prix,VET,Aston Martin,16.0,16.0,44,44,1.0,0,0.25,0.09090909090909091,0.1111111111111111,0
2022,Belgian Grand Prix,ZHO,Alfa Romeo,13.0,13.0,44,44,1.0,0,0.2,0.18181818181818182,0.10526315789473684,0
2022,British Grand Prix,ALB,Williams,16.0,16.0,1,52,0.019230769230769232,1,0.0,0.08333333333333333,,0
2022,British Grand Prix,ALO,Alpine,7.0,7.0,52,52,1.0,0,0.16666666666666666,0.08333333333333333,1.0,0
2022,British Grand Prix,BOT,Alfa Romeo,12.0,12.0,20,52,0.38461538461538464,1,0.16666666666666666,0.16666666666666666,0.5,0
2022,British Grand Prix,GAS,AlphaTauri,11.0,11.0,26,52,0.5,1,0.16666666666666666,0.08333333333333333,0.6666666666666666,0
2022,British Grand Prix,HAM,Mercedes,5.0,5.0,52,52,1.0,0,0.16666666666666666,0.08333333333333333,0.75,0
2022,British Grand Prix,LAT,Williams,10.0,10.0,52,52,1.0,0,0.16666666666666666,0.15384615384615385,0.6,0
2022,British Grand Prix,LEC,Ferrari,3.0,3.0,52,52,1.0,0,0.16666666666666666,0.3333333333333333,0.5,0
2022,British Grand Prix,MAG,Haas F1 Team,17.0,17.0,52,52,1.0,0,0.16666666666666666,0.08333333333333333,0.42857142857142855,0
2022,British Grand Prix,MSC,Haas F1 Team,19.0,19.0,52,52,1.0,0,0.0,0.07692307692307693,0.375,0
2022,British Grand Prix,NOR,McLaren,6.0,6.0,52,52,1.0,0,0.0,0.0,0.3333333333333333,0
2022,British Grand Prix,OCO,Alpine,15.0,15.0,38,52,0.7307692307692307,1,0.0,0.07692307692307693,0.3,0
2022,British Grand Prix,PER,Red Bull Racing,4.0,4.0,52,52,1.0,0,0.16666666666666666,0.16666666666666666,0.36363636363636365,0
2022,British Grand Prix,RIC,McLaren,14.0,14.0,52,52,1.0,0,0.0,0.0,0.3333333333333333,0
2022,British Grand Prix,RUS,Mercedes,8.0,8.0,1,52,0.019230769230769232,1,0.0,0.07692307692307693,0.3076923076923077,0
2022,British Grand Prix,SAI,Ferrari,1.0,1.0,52,52,1.0,0,0.5,0.3076923076923077,0.35714285714285715,0
2022,British Grand Prix,STR,Aston Martin,20.0,20.0,52,52,1.0,0,0.0,0.08333333333333333,0.3333333333333333,0
2022,British Grand Prix,TSU,AlphaTauri,13.0,13.0,52,52,1.0,0,0.0,0.15384615384615385,0.3125,0
2022,British Grand Prix,VER,Red Bull Racing,2.0,2.0,52,52,1.0,0,0.16666666666666666,0.15384615384615385,0.29411764705882354,0
2022,British Grand Prix,VET,Aston Martin,18.0,18.0,52,52,1.0,0,0.2,0.07692307692307693,0.2777777777777778,0
2022,British Grand Prix,ZHO,Alfa Romeo,9.0,9.0,1,52,0.019230769230769232,1,0.16666666666666666,0.23076923076923078,0.2631578947368421,0
2022,Canadian Grand Prix,ALB,Williams,12.0,12.0,70,70,1.0,0,0.14285714285714285,0.14285714285714285,,0
2022,Canadian Grand Prix,ALO,Alpine,2.0,2.0,70,70,1.0,0,0.14285714285714285,0.14285714285714285,0.0,0
2022,Canadian Grand Prix,BOT,Alfa Romeo,11.0,11.0,70,70,1.0,0,0.2857142857142857,0.2857142857142857,0.0,0
2022,Canadian Grand Prix,GAS,AlphaTauri,16.0,16.0,70,70,1.0,0,0.2857142857142857,0.14285714285714285,0.0,0
2022,Canadian Grand Prix,HAM,Mercedes,4.0,4.0,70,70,1.0,0,0.14285714285714285,0.14285714285714285,0.0,0
2022,Canadian Grand Prix,LAT,Williams,19.0,19.0,70,70,1.0,0,0.14285714285714285,0.13333333333333333,0.0,0
2022,Canadian Grand Prix,LEC,Ferrari,15.0,15.0,70,70,1.0,0,0.14285714285714285,0.2857142857142857,0.0,0
2022,Canadian Grand Prix,MAG,Haas F1 Team,5.0,5.0,70,70,1.0,0,0.14285714285714285,0.07142857142857142,0.0,0
2022,Canadian Grand Prix,MSC,Haas F1 Team,6.0,6.0,19,70,0.2714285714285714,1,0.0,0.06666666666666667,0.0,0
2022,Canadian Grand Prix,NOR,McLaren,14.0,14.0,70,70,1.0,0,0.0,0.0,0.1111111111111111,0
2022,Canadian Grand Prix,OCO,Alpine,7.0,7.0,70,70,1.0,0,0.14285714285714285,0.13333333333333333,0.1,0
2022,Canadian Grand Prix,PER,Red Bull Racing,13.0,13.0,8,70,0.11428571428571428,1,0.14285714285714285,0.14285714285714285,0.09090909090909091,0
2022,Canadian Grand Prix,RIC,McLaren,9.0,9.0,70,70,1.0,0,0.0,0.0,0.16666666666666666,0
2022,Canadian Grand Prix,RUS,Mercedes,8.0,8.0,70,70,1.0,0,0.14285714285714285,0.13333333333333333,0.15384615384615385,0
2022,Canadian Grand Prix,SAI,Ferrari,3.0,3.0,70,70,1.0,0,0.42857142857142855,0.26666666666666666,0.14285714285714285,0
2022,Canadian Grand Prix,STR,Aston Martin,18.0,18.0,70,70,1.0,0,0.0,0.07142857142857142,0.13333333333333333,0
2022,Canadian Grand Prix,TSU,AlphaTauri,20.0,20.0,47,70,0.6714285714285714,1,0.0,0.13333333333333333,0.125,0
2022,Canadian Grand Prix,VER,Red Bull Racing,1.0,1.0,70,70,1.0,0,0.14285714285714285,0.2,0.17647058823529413,0
2022,Canadian Grand Prix,VET,Aston Martin,17.0,17.0,70,70,1.0,0,0.16666666666666666,0.06666666666666667,0.16666666666666666,0
2022,Canadian Grand Prix,ZHO,Alfa Romeo,10.0,10.0,70,70,1.0,0,0.2857142857142857,0.26666666666666666,0.15789473684210525,0
2022,Dutch Grand Prix,ALB,Williams,15.0,15.0,72,72,1.0,0,0.125,0.125,,0
2022,Dutch Grand Prix,ALO,Alpine,13.0,13.0,72,72,1.0,0,0.125,0.125,0.0,0
2022,Dutch Grand Prix,BOT,Alfa Romeo,16.0,16.0,54,72,0.75,1,0.25,0.25,0.0,0
2022,Dutch Grand Prix,GAS,AlphaTauri,11.0,11.0,72,72,1.0,0,0.25,0.1875,0.3333333333333333,0
2022,Dutch Grand Prix,HAM,Mercedes,4.0,4.0,72,72,1.0,0,0.125,0.125,0.25,0
2022,Dutch Grand Prix,LAT,Williams,20.0,20.0,71,72,0.9861111111111112,0,0.125,0.11764705882352941,0.2,0
2022,Dutch Grand Prix,LEC,Ferrari,2.0,2.0,72,72,1.0,0,0.125,0.25,0.16666666666666666,0
2022,Dutch Grand Prix,MAG,Haas F1 Team,18.0,18.0,72,72,1.0,0,0.125,0.125,0.14285714285714285,0
2022,Dutch Grand Prix,MSC,Haas F1 Team,8.0,8.0,72,72,1.0,0,0.125,0.11764705882352941,0.125,0
2022,Dutch Grand Prix,NOR,McLaren,7.0,7.0,72,72,1.0,0,0.0,0.0,0.1111111111111111,0
2022,Dutch Grand Prix,OCO,Alpine,12.0,12.0,72,72,1.0,0,0.125,0.11764705882352941,0.1,0
2022,Dutch Grand Prix,PER,Red Bull Racing,5.0,5.0,72,72,1.0,0,0.25,0.1875,0.09090909090909091,0
2022,Dutch Grand Prix,RIC,McLaren,17.0,17.0,72,72,1.0,0,0.0,0.0,0.08333333333333333,0
2022,Dutch Grand Prix,RUS,Mercedes,6.0,6.0,72,72,1.0,0,0.125,0.11764705882352941,0.07692307692307693,0
2022,Dutch Grand Prix,SAI,Ferrari,3.0,3.0,72,72,1.0,0,0.375,0.23529411764705882,0.07142857142857142,0
2022,Dutch Grand Prix,STR,Aston Martin,10.0,10.0,72,72,1.0,0,0.0,0.0625,0.06666666666666667,0
2022,Dutch Grand Prix,TSU,AlphaTauri,9.0,9.0,43,72,0.5972222222222222,1,0.125,0.17647058823529413,0.0625,0
2022,Dutch Grand Prix,VER,Red Bull Racing,1.0,1.0,72,72,1.0,0,0.125,0.17647058823529413,0.11764705882352941,0
2022,Dutch Grand Prix,VET,Aston Martin,19.0,19.0,72,72,1.0,0,0.14285714285714285,0.058823529411764705,0.1111111111111111,0
2022,Dutch Grand Prix,ZHO,Alfa Romeo,14.0,14.0,72,72,1.0,0,0.25,0.29411764705882354,0.10526315789473684,0
2022,Emilia Romagna Grand Prix,ALB,Williams,20.0,20.0,62,63,0.9841269841269841,0,0.1111111111111111,0.1111111111111111,,0
2022,Emilia Romagna Grand Prix,ALO,Alpine,5.0,5.0,6,63,0.09523809523809523,1,0.1111111111111111,0.1111111111111111,0.0,0
2022,Emilia Romagna Grand Prix,BOT,Alfa Romeo,8.0,8.0,63,63,1.0,0,0.3333333333333333,0.2777777777777778,0.5,0
2022,Emilia Romagna Grand Prix,GAS,AlphaTauri,17.0,17.0,62,63,0.9841269841269841,0,0.2222222222222222,0.2222222222222222,0.3333333333333333,0
2022,Emilia Romagna Grand Prix,HAM,Mercedes,13.0,13.0,62,63,0.9841269841269841,0,0.1111111111111111,0.1111111111111111,0.25,0
2022,Emilia Romagna Grand Prix,LAT,Williams,18.0,18.0,62,63,0.9841269841269841,0,0.1111111111111111,0.10526315789473684,0.2,0
2022,Emilia Romagna Grand Prix,LEC,Ferrari,2.0,2.0,63,63,1.0,0,0.1111111111111111,0.2222222222222222,0.16666666666666666,0
2022,Emilia Romagna Grand Prix,MAG,Haas F1 Team,4.0,4.0,63,63,1.0,0,0.1111111111111111,0.1111111111111111,0.14285714285714285,0
2022,Emilia Romagna Grand Prix,MSC,Haas F1 Team,12.0,12.0,62,63,0.9841269841269841,0,0.1111111111111111,0.10526315789473684,0.125,0
2022,Emilia Romagna Grand Prix,NOR,McLaren,3.0,3.0,63,63,1.0,0,0.0,0.0,0.1111111111111111,0
2022,Emilia Romagna Grand Prix,OCO,Alpine,19.0,19.0,62,63,0.9841269841269841,0,0.1111111111111111,0.15789473684210525,0.1,0
2022,Emilia Romagna Grand Prix,PER,Red Bull Racing,7.0,7.0,63,63,1.0,0,0.2222222222222222,0.16666666666666666,0.09090909090909091,0
2022,Emilia Romagna Grand Prix,RIC,McLaren,6.0,6.0,62,63,0.9841269841269841,0,0.0,0.0,0.08333333333333333,0
2022,Emilia Romagna Grand Prix,RUS,Mercedes,11.0,11.0,63,63,1.0,0,0.1111111111111111,0.10526315789473684,0.07692307692307693,0
2022,Emilia Romagna Grand Prix,SAI,Ferrari,10.0,10.0,1,63,0.015873015873015872,1,0.3333333333333333,0.21052631578947367,0.07142857142857142,0
2022,Emilia Romagna Grand Prix,STR,Aston Martin,15.0,15.0,62,63,0.9841269841269841,0,0.0,0.05555555555555555,0.13333333333333333,0
2022,Emilia Romagna Grand Prix,TSU,AlphaTauri,16.0,16.0,63,63,1.0,0,0.2222222222222222,0.21052631578947367,0.125,0
2022,Emilia Romagna Grand Prix,VER,Red Bull Racing,1.0,1.0,63,63,1.0,0,0.1111111111111111,0.15789473684210525,0.11764705882352941,0
2022,Emilia Romagna Grand Prix,VET,Aston Martin,9.0,9.0,63,63,1.0,0,0.125,0.05263157894736842,0.1111111111111111,0
2022,Emilia Romagna Grand Prix,ZHO,Alfa Romeo,14.0,14.0,62,63,0.9841269841269841,0,0.2222222222222222,0.2631578947368421,0.10526315789473684,0
2022,French Grand Prix,ALB,Williams,15.0,15.0,53,53,1.0,0,0.1,0.1,,0
2022,French Grand Prix,ALO,Alpine,7.0,7.0,53,53,1.0,0,0.2,0.15,0.0,0
2022,French Grand Prix,BOT,Alfa Romeo,13.0,13.0,53,53,1.0,0,0.3,0.25,0.0,0
2022,French Grand Prix,GAS,AlphaTauri,16.0,16.0,53,53,1.0,0,0.2,0.2,0.0,0
2022,French Grand Prix,HAM,Mercedes,4.0,4.0,53,53,1.0,0,0.1,0.1,0.0,0
2022,French Grand Prix,LAT,Williams,20.0,20.0,41,53,0.7735849056603774,1,0.1,0.09523809523809523,0.0,0
2022,French Grand Prix,LEC,Ferrari,1.0,1.0,18,53,0.33962264150943394,1,0.1,0.25,0.16666666666666666,0
2022,French Grand Prix,MAG,Haas F1 Team,10.0,10.0,38,53,0.7169811320754716,1,0.1,0.1,0.2857142857142857,0
2022,French Grand Prix,MSC,Haas F1 Team,19.0,19.0,53,53,1.0,0,0.1,0.14285714285714285,0.375,0
2022,French Grand Prix,NOR,McLaren,5.0,5.0,53,53,1.0,0,0.0,0.0,0.3333333333333333,0
2022,French Grand Prix,OCO,Alpine,12.0,12.0,53,53,1.0,0,0.1,0.14285714285714285,0.3,0
2022,French Grand Prix,PER,Red Bull Racing,3.0,3.0,53,53,1.0,0,0.2,0.15,0.2727272727272727,0
2022,French Grand Prix,RIC,McLaren,11.0,11.0,53,53,1.0,0,0.0,0.0,0.25,0
2022,French Grand Prix,RUS,Mercedes,6.0,6.0,53,53,1.0,0,0.1,0.09523809523809523,0.23076923076923078,0
2022,French Grand Prix,SAI,Ferrari,9.0,9.0,53,53,1.0,0,0.4,0.2857142857142857,0.21428571428571427,0
2022,French Grand Prix,STR,Aston Martin,17.0,17.0,53,53,1.0,0,0.0,0.05,0.2,0
2022,French Grand Prix,TSU,AlphaTauri,8.0,8.0,18,53,0.33962264150943394,1,0.2,0.19047619047619047,0.1875,0
2022,French Grand Prix,VER,Red Bull Racing,2.0,2.0,53,53,1.0,0,0.1,0.14285714285714285,0.23529411764705882,0
2022,French Grand Prix,VET,Aston Martin,14.0,14.0,53,53,1.0,0,0.1111111111111111,0.047619047619047616,0.2222222222222222,0
2022,French Grand Prix,ZHO,Alfa Romeo,18.0,18.0,48,53,0.9056603773584906,0,0.2,0.23809523809523808,0.21052631578947367,0
2022,Hungarian Grand Prix,ALB,Williams,17.0,17.0,69,70,0.9857142857142858,0,0.09090909090909091,0.13636363636363635,,0
2022,Hungarian Grand Prix,ALO,Alpine,6.0,6.0,69,70,0.9857142857142858,0,0.18181818181818182,0.13636363636363635,0.0,0
2022,Hungarian Grand Prix,BOT,Alfa Romeo,8.0,8.0,66,70,0.9428571428571428,0,0.2727272727272727,0.22727272727272727,0.0,0
2022,Hungarian Grand Prix,GAS,AlphaTauri,19.0,19.0,69,70,0.9857142857142858,0,0.18181818181818182,0.22727272727272727,0.0,0
2022,Hungarian Grand Prix,HAM,Mercedes,7.0,7.0,70,70,1.0,0,0.09090909090909091,0.09090909090909091,0.0,0
2022,Hungarian Grand Prix,LAT,Williams,20.0,20.0,69,70,0.9857142857142858,0,0.18181818181818182,0.13043478260869565,0.0,0
2022,Hungarian Grand Prix,LEC,Ferrari,3.0,3.0,70,70,1.0,0,0.18181818181818182,0.2727272727272727,0.0,0
2022,Hungarian Grand Prix,MAG,Haas F1 Team,13.0,13.0,69,70,0.9857142857142858,0,0.18181818181818182,0.13636363636363635,0.0,0
2022,Hungarian Grand Prix,MSC,Haas F1 Team,15.0,15.0,69,70,0.9857142857142858,0,0.09090909090909091,0.13043478260869565,0.0,0
2022,Hungarian Grand Prix,NOR,McLaren,4.0,4.0,70,70,1.0,0,0.0,0.0,0.0,0
2022,Hungarian Grand Prix,OCO,Alpine,5.0,5.0,69,70,0.9857142857142858,0,0.09090909090909091,0.13043478260869565,0.0,0
2022,Hungarian Grand Prix,PER,Red Bull Racing,11.0,11.0,70,70,1.0,0,0.18181818181818182,0.13636363636363635,0.0,0
2022,Hungarian Grand Prix,RIC,McLaren,9.0,9.0,69,70,0.9857142857142858,0,0.0,0.0,0.0,0
2022,Hungarian Grand Prix,RUS,Mercedes,1.0,1.0,70,70,1.0,0,0.09090909090909091,0.08695652173913043,0.0,0
2022,Hungarian Grand Prix,SAI,Ferrari,2.0,2.0,70,70,1.0,0,0.36363636363636365,0.2608695652173913,0.0,0
2022,Hungarian Grand Prix,STR,Aston Martin,14.0,14.0,69,70,0.9857142857142858,0,0.0,0.045454545454545456,0.0,0
2022,Hungarian Grand Prix,TSU,AlphaTauri,16.0,16.0,68,70,0.9714285714285714,0,0.2727272727272727,0.21739130434782608,0.0,0
2022,Hungarian Grand Prix,VER,Red Bull Racing,10.0,10.0,70,70,1.0,0,0.09090909090909091,0.13043478260869565,0.0,0
2022,Hungarian Grand Prix,VET,Aston Martin,18.0,18.0,69,70,0.9857142857142858,0,0.1,0.043478260869565216,0.0,0
2022,Hungarian Grand Prix,ZHO,Alfa Romeo,12.0,12.0,69,70,0.9857142857142858,0,0.18181818181818182,0.21739130434782608,0.0,0
2022,Italian Grand Prix,ALO,Alpine,10.0,10.0,31,53,0.5849056603773585,1,0.16666666666666666,0.125,,0
2022,Italian Grand Prix,BOT,Alfa Romeo,12.0,12.0,52,53,0.9811320754716981,0,0.25,0.20833333333333334,1.0,0
2022,Italian Grand Prix,DEV,Williams,13.0,13.0,53,53,1.0,0,,0.125,0.5,0
2022,Italian Grand Prix,GAS,AlphaTauri,9.0,9.0,53,53,1.0,0,0.16666666666666666,0.20833333333333334,0.3333333333333333,0
2022,Italian Grand Prix,HAM,Mercedes,5.0,5.0,53,53,1.0,0,0.08333333333333333,0.08333333333333333,0.25,0
2022,Italian Grand Prix,LAT,Williams,16.0,16.0,52,53,0.9811320754716981,0,0.16666666666666666,0.12,0.2,0
2022,Italian Grand Prix,LEC,Ferrari,1.0,1.0,53,53,1.0,0,0.16666666666666666,0.25,0.16666666666666666,0
2022,Italian Grand Prix,MAG,Haas F1 Team,19.0,19.0,52,53,0.9811320754716981,0,0.16666666666666666,0.125,0.14285714285714285,0
2022,Italian Grand Prix,MSC,Haas F1 Team,20.0,20.0,53,53,1.0,0,0.08333333333333333,0.12,0.125,0
2022,Italian Grand Prix,NOR,McLaren,7.0,7.0,53,53,1.0,0,0.0,0.0,0.1111111111111111,0
2022,Italian Grand Prix,OCO,Alpine,11.0,11.0,53,53,1.0,0,0.08333333333333333,0.16,0.1,0
2022,Italian Grand Prix,PER,Red Bull Racing,4.0,4.0,53,53,1.0,0,0.16666666666666666,0.125,0.09090909090909091,0
2022,Italian Grand Prix,RIC,McLaren,8.0,8.0,46,53,0.8679245283018868,1,0.0,0.0,0.08333333333333333,0
2022,Italian Grand Prix,RUS,Mercedes,6.0,6.0,53,53,1.0,0,0.08333333333333333,0.08,0.15384615384615385,0
2022,Italian Grand Prix,SAI,Ferrari,3.0,3.0,53,53,1.0,0,0.3333333333333333,0.24,0.14285714285714285,0
2022,Italian Grand Prix,STR,Aston Martin,18.0,18.0,39,53,0.7358490566037735,1,0.0,0.041666666666666664,0.13333333333333333,0
2022,Italian Grand Prix,TSU,AlphaTauri,15.0,15.0,52,53,0.9811320754716981,0,0.25,0.2,0.1875,0
2022,Italian Grand Prix,VER,Red Bull Racing,2.0,2.0,53,53,1.0,0,0.08333333333333333,0.12,0.17647058823529413,0
2022,Italian Grand Prix,VET,Aston Martin,17.0,17.0,11,53,0.20754716981132076,1,0.09090909090909091,0.08,0.16666666666666666,0
2022,Italian Grand Prix,ZHO,Alfa Romeo,14.0,14.0,53,53,1.0,0,0.16666666666666666,0.2,0.21052631578947367,0
2022,Japanese Grand Prix,ALB,Williams,16.0,16.0,1,29,0.034482758620689655,1,0.08333333333333333,0.11538461538461539,,0
2022,Japanese Grand Prix,ALO,Alpine,7.0,7.0,28,29,0.9655172413793104,0,0.23076923076923078,0.15384615384615385,1.0,0
2022,Japanese Grand Prix,BOT,Alfa Romeo,12.0,12.0,28,29,0.9655172413793104,0,0.23076923076923078,0.19230769230769232,0.5,0
2022,Japanese Grand Prix,GAS,AlphaTauri,17.0,17.0,28,29,0.9655172413793104,0,0.15384615384615385,0.19230769230769232,0.3333333333333333,0
2022,Japanese Grand Prix,HAM,Mercedes,6.0,6.0,28,29,0.9655172413793104,0,0.07692307692307693,0.07692307692307693,0.25,0
2022,Japanese Grand Prix,LAT,Williams,20.0,20.0,28,29,0.9655172413793104,0,0.15384615384615385,0.14814814814814814,0.2,0
2022,Japanese Grand Prix,LEC,Ferrari,2.0,2.0,28,29,0.9655172413793104,0,0.15384615384615385,0.23076923076923078,0.16666666666666666,0
2022,Japanese Grand Prix,MAG,Haas F1 Team,18.0,18.0,28,29,0.9655172413793104,0,0.15384615384615385,0.11538461538461539,0.14285714285714285,0
2022,Japanese Grand Prix,MSC,Haas F1 Team,15.0,15.0,28,29,0.9655172413793104,0,0.07692307692307693,0.1111111111111111,0.125,0
2022,Japanese Grand Prix,NOR,McLaren,10.0,10.0,28,29,0.9655172413793104,0,0.0,0.038461538461538464,0.1111111111111111,0
2022,Japanese Grand Prix,OCO,Alpine,5.0,5.0,28,29,0.9655172413793104,0,0.07692307692307693,0.14814814814814814,0.1,0
2022,Japanese Grand Prix,PER,Red Bull Racing,4.0,4.0,28,29,0.9655172413793104,0,0.15384615384615385,0.11538461538461539,0.09090909090909091,0
2022,Japanese Grand Prix,RIC,McLaren,11.0,11.0,28,29,0.9655172413793104,0,0.07692307692307693,0.037037037037037035,0.08333333333333333,0
2022,Japanese Grand Prix,RUS,Mercedes,8.0,8.0,28,29,0.9655172413793104,0,0.07692307692307693,0.07407407407407407,0.07692307692307693,0
2022,Japanese Grand Prix,SAI,Ferrari,3.0,3.0,1,29,0.034482758620689655,1,0.3076923076923077,0.2222222222222222,0.07142857142857142,0
2022,Japanese Grand Prix,STR,Aston Martin,19.0,19.0,28,29,0.9655172413793104,0,0.07692307692307693,0.11538461538461539,0.13333333333333333,0
2022,Japanese Grand Prix,TSU,AlphaTauri,13.0,13.0,28,29,0.9655172413793104,0,0.23076923076923078,0.18518518518518517,0.125,0
2022,Japanese Grand Prix,VER,Red Bull Racing,1.0,1.0,29,29,1.0,0,0.07692307692307693,0.1111111111111111,0.11764705882352941,0
2022,Japanese Grand Prix,VET,Aston Martin,9.0,9.0,28,29,0.9655172413793104,0,0.16666666666666666,0.1111111111111111,0.1111111111111111,0
2022,Japanese Grand Prix,ZHO,Alfa Romeo,14.0,14.0,28,29,0.9655172413793104,0,0.15384615384615385,0.18518518518518517,0.10526315789473684,0
2022,Mexico City Grand Prix,ALB,Williams,19.0,19.0,70,71,0.9859154929577465,0,0.15384615384615385,0.14285714285714285,,0
2022,Mexico City Grand Prix,ALO,Alpine,9.0,9.0,64,71,0.9014084507042254,0,0.21428571428571427,0.14285714285714285,0.0,0
2022,Mexico City Grand Prix,BOT,Alfa Romeo,6.0,6.0,70,71,0.9859154929577465,0,0.21428571428571427,0.17857142857142858,0.0,0
2022,Mexico City Grand Prix,GAS,AlphaTauri,14.0,14.0,70,71,0.9859154929577465,0,0.14285714285714285,0.17857142857142858,0.0,0
2022,Mexico City Grand Prix,HAM,Mercedes,3.0,3.0,71,71,1.0,0,0.07142857142857142,0.07142857142857142,0.0,0
2022,Mexico City Grand Prix,LAT,Williams,20.0,20.0,69,71,0.971830985915493,0,0.14285714285714285,0.13793103448275862,0.0,0
2022,Mexico City Grand Prix,LEC,Ferrari,7.0,7.0,71,71,1.0,0,0.14285714285714285,0.25,0.0,0
2022,Mexico City Grand Prix,MAG,Haas F1 Team,15.0,15.0,70,71,0.9859154929577465,0,0.14285714285714285,0.10714285714285714,0.0,0
2022,Mexico City Grand Prix,MSC,Haas F1 Team,16.0,16.0,70,71,0.9859154929577465,0,0.07142857142857142,0.10344827586206896,0.0,0
2022,Mexico City Grand Prix,NOR,McLaren,8.0,8.0,70,71,0.9859154929577465,0,0.0,0.03571428571428571,0.0,0
2022,Mexico City Grand Prix,OCO,Alpine,10.0,10.0,70,71,0.9859154929577465,0,0.07142857142857142,0.13793103448275862,0.0,0
2022,Mexico City Grand Prix,PER,Red Bull Racing,4.0,4.0,71,71,1.0,0,0.14285714285714285,0.10714285714285714,0.0,0
2022,Mexico City Grand Prix,RIC,McLaren,11.0,11.0,70,71,0.9859154929577465,0,0.07142857142857142,0.034482758620689655,0.0,0
2022,Mexico City Grand Prix,RUS,Mercedes,2.0,2.0,71,71,1.0,0,0.07142857142857142,0.06896551724137931,0.0,0
2022,Mexico City Grand Prix,SAI,Ferrari,5.0,5.0,71,71,1.0,0,0.35714285714285715,0.2413793103448276,0.0,0
2022,Mexico City Grand Prix,STR,Aston Martin,18.0,18.0,70,71,0.9859154929577465,0,0.07142857142857142,0.10714285714285714,0.0,0
2022,Mexico City Grand Prix,TSU,AlphaTauri,13.0,13.0,50,71,0.704225352112676,1,0.21428571428571427,0.1724137931034483,0.0,0
2022,Mexico City Grand Prix,VER,Red Bull Racing,1.0,1.0,71,71,1.0,0,0.07142857142857142,0.10344827586206896,0.058823529411764705,0
2022,Mexico City Grand Prix,VET,Aston Martin,17.0,17.0,70,71,0.9859154929577465,0,0.15384615384615385,0.10344827586206896,0.05555555555555555,0
2022,Mexico City Grand Prix,ZHO,Alfa Romeo,12.0,12.0,70,71,0.9859154929577465,0,0.14285714285714285,0.1724137931034483,0.05263157894736842,0
2022,Miami Grand Prix,ALB,Williams,18.0,18.0,57,57,1.0,0,0.14285714285714285,0.13333333333333333,,0
2022,Miami Grand Prix,ALO,Alpine,11.0,11.0,57,57,1.0,0,0.2,0.13333333333333333,0.0,0
2022,Miami Grand Prix,BOT,Alfa Romeo,5.0,5.0,57,57,1.0,0,0.2,0.16666666666666666,0.0,0
2022,Miami Grand Prix,GAS,AlphaTauri,7.0,7.0,45,57,0.7894736842105263,1,0.13333333333333333,0.2,0.0,0
2022,Miami Grand Prix,HAM,Mercedes,6.0,6.0,57,57,1.0,0,0.06666666666666667,0.06666666666666667,0.25,0
2022,Miami Grand Prix,LAT,Williams,19.0,19.0,57,57,1.0,0,0.13333333333333333,0.12903225806451613,0.2,0
2022,Miami Grand Prix,LEC,Ferrari,1.0,1.0,57,57,1.0,0,0.13333333333333333,0.23333333333333334,0.16666666666666666,0
2022,Miami Grand Prix,MAG,Haas F1 Team,16.0,16.0,57,57,1.0,0,0.13333333333333333,0.1,0.14285714285714285,0
2022,Miami Grand Prix,MSC,Haas F1 Team,15.0,15.0,57,57,1.0,0,0.06666666666666667,0.0967741935483871,0.125,0
2022,Miami Grand Prix,NOR,McLaren,8.0,8.0,40,57,0.7017543859649122,1,0.0,0.03333333333333333,0.1111111111111111,0
2022,Miami Grand Prix,OCO,Alpine,20.0,20.0,57,57,1.0,0,0.06666666666666667,0.12903225806451613,0.2,0
2022,Miami Grand Prix,PER,Red Bull Racing,4.0,4.0,57,57,1.0,0,0.13333333333333333,0.1,0.18181818181818182,0
2022,Miami Grand Prix,RIC,McLaren,14.0,14.0,57,57,1.0,0,0.06666666666666667,0.06451612903225806,0.16666666666666666,0
2022,Miami Grand Prix,RUS,Mercedes,12.0,12.0,57,57,1.0,0,0.06666666666666667,0.06451612903225806,0.15384615384615385,0
2022,Miami Grand Prix,SAI,Ferrari,2.0,2.0,57,57,1.0,0,0.3333333333333333,0.22580645161290322,0.14285714285714285,0
2022,Miami Grand Prix,STR,Aston Martin,10.0,10.0,57,57,1.0,0,0.06666666666666667,0.1,0.13333333333333333,0
2022,Miami Grand Prix,TSU,AlphaTauri,9.0,9.0,57,57,1.0,0,0.26666666666666666,0.22580645161290322,0.125,0
2022,Miami Grand Prix,VER,Red Bull Racing,3.0,3.0,57,57,1.0,0,0.06666666666666667,0.0967741935483871,0.11764705882352941,0
2022,Miami Grand Prix,VET,Aston Martin,13.0,13.0,54,57,0.9473684210526315,0,0.14285714285714285,0.0967741935483871,0.1111111111111111,0
2022,Miami Grand Prix,ZHO,Alfa Romeo,17.0,17.0,6,57,0.10526315789473684,1,0.13333333333333333,0.16129032258064516,0.10526315789473684,0
2022,Monaco Grand Prix,ALB,Williams,16.0,16.0,49,64,0.765625,1,0.13333333333333333,0.125,,0
2022,Monaco Grand Prix,ALO,Alpine,7.0,7.0,64,64,1.0,0,0.1875,0.125,1.0,0
2022,Monaco Grand Prix,BOT,Alfa Romeo,12.0,12.0,64,64,1.0,0,0.1875,0.1875,0.5,0
2022,Monaco Grand Prix,GAS,AlphaTauri,17.0,17.0,64,64,1.0,0,0.1875,0.21875,0.3333333333333333,0
2022,Monaco Grand Prix,HAM,Mercedes,8.0,8.0,64,64,1.0,0,0.0625,0.0625,0.25,0
2022,Monaco Grand Prix,LAT,Williams,19.0,19.0,63,64,0.984375,0,0.125,0.15151515151515152,0.2,0
2022,Monaco Grand Prix,LEC,Ferrari,1.0,1.0,64,64,1.0,0,0.125,0.21875,0.16666666666666666,0
2022,Monaco Grand Prix,MAG,Haas F1 Team,13.0,13.0,20,64,0.3125,1,0.125,0.09375,0.14285714285714285,0
2022,Monaco Grand Prix,MSC,Haas F1 Team,15.0,15.0,25,64,0.390625,1,0.0625,0.12121212121212122,0.25,0
2022,Monaco Grand Prix,NOR,McLaren,5.0,5.0,64,64,1.0,0,0.0625,0.0625,0.3333333333333333,0
2022,Monaco Grand Prix,OCO,Alpine,10.0,10.0,64,64,1.0,0,0.0625,0.12121212121212122,0.3,0
2022,Monaco Grand Prix,PER,Red Bull Racing,3.0,3.0,64,64,1.0,0,0.125,0.09375,0.2727272727272727,0
2022,Monaco Grand Prix,RIC,McLaren,14.0,14.0,64,64,1.0,0,0.0625,0.06060606060606061,0.25,0
2022,Monaco Grand Prix,RUS,Mercedes,6.0,6.0,64,64,1.0,0,0.0625,0.06060606060606061,0.23076923076923078,0
2022,Monaco Grand Prix,SAI,Ferrari,2.0,2.0,64,64,1.0,0,0.3125,0.21212121212121213,0.21428571428571427,0
2022,Monaco Grand Prix,STR,Aston Martin,18.0,18.0,64,64,1.0,0,0.0625,0.09375,0.2,0
2022,Monaco Grand Prix,TSU,AlphaTauri,11.0,11.0,63,64,0.984375,0,0.25,0.21212121212121213,0.1875,0
2022,Monaco Grand Prix,VER,Red Bull Racing,4.0,4.0,64,64,1.0,0,0.0625,0.09090909090909091,0.17647058823529413,0
2022,Monaco Grand Prix,VET,Aston Martin,9.0,9.0,64,64,1.0,0,0.13333333333333333,0.09090909090909091,0.16666666666666666,0
2022,Monaco Grand Prix,ZHO,Alfa Romeo,20.0,20.0,63,64,0.984375,0,0.1875,0.18181818181818182,0.15789473684210525,0
2022,Saudi Arabian Grand Prix,ALB,Williams,17.0,17.0,48,50,0.96,0,0.1875,0.14705882352941177,,0
2022,Saudi Arabian Grand Prix,ALO,Alpine,7.0,7.0,36,50,0.72,1,0.17647058823529413,0.11764705882352941,0.0,0
2022,Saudi Arabian Grand Prix,BOT,Alfa Romeo,8.0,8.0,36,50,0.72,1,0.17647058823529413,0.17647058823529413,0.5,0
2022,Saudi Arabian Grand Prix,GAS,AlphaTauri,9.0,9.0,50,50,1.0,0,0.17647058823529413,0.20588235294117646,0.6666666666666666,0
2022,Saudi Arabian Grand Prix,HAM,Mercedes,16.0,16.0,50,50,1.0,0,0.058823529411764705,0.058823529411764705,0.5,0
2022,Saudi Arabian Grand Prix,HUL,Aston Martin,18.0,18.0,50,50,1.0,0,0.0,0.08823529411764706,0.4,0
2022,Saudi Arabian Grand Prix,LAT,Williams,19.0,19.0,15,50,0.3,1,0.11764705882352941,0.14285714285714285,0.3333333333333333,0
2022,Saudi Arabian Grand Prix,LEC,Ferrari,2.0,2.0,50,50,1.0,0,0.11764705882352941,0.20588235294117646,0.42857142857142855,0
2022,Saudi Arabian Grand Prix,MAG,Haas F1 Team,10.0,10.0,50,50,1.0,0,0.17647058823529413,0.14705882352941177,0.375,0
2022,Saudi Arabian Grand Prix,NOR,McLaren,11.0,11.0,50,50,1.0,0,0.058823529411764705,0.058823529411764705,0.3333333333333333,0
2022,Saudi Arabian Grand Prix,OCO,Alpine,5.0,5.0,50,50,1.0,0,0.058823529411764705,0.14285714285714285,0.3,0
2022,Saudi Arabian Grand Prix,PER,Red Bull Racing,1.0,1.0,50,50,1.0,0,0.11764705882352941,0.08823529411764706,0.2727272727272727,0
2022,Saudi Arabian Grand Prix,RIC,McLaren,12.0,12.0,36,50,0.72,1,0.058823529411764705,0.05714285714285714,0.25,0
2022,Saudi Arabian Grand Prix,RUS,Mercedes,6.0,6.0,50,50,1.0,0,0.058823529411764705,0.05714285714285714,0.3076923076923077,0
2022,Saudi Arabian Grand Prix,SAI,Ferrari,3.0,3.0,50,50,1.0,0,0.29411764705882354,0.2,0.2857142857142857,0
2022,Saudi Arabian Grand Prix,STR,Aston Martin,15.0,15.0,49,50,0.98,0,0.058823529411764705,0.08571428571428572,0.26666666666666666,0
2022,Saudi Arabian Grand Prix,VER,Red Bull Racing,4.0,4.0,50,50,1.0,0,0.058823529411764705,0.08571428571428572,0.25,0
2022,Saudi Arabian Grand Prix,ZHO,Alfa Romeo,13.0,13.0,50,50,1.0,0,0.17647058823529413,0.2,0.23529411764705882,0
2022,Singapore Grand Prix,ALB,Williams,19.0,19.0,25,59,0.423728813559322,1,0.17647058823529413,0.16666666666666666,,0
2022,Singapore Grand Prix,ALO,Alpine,5.0,5.0,21,59,0.3559322033898305,1,0.2222222222222222,0.1388888888888889,1.0,0
2022,Singapore Grand Prix,BOT,Alfa Romeo,16.0,16.0,59,59,1.0,0,0.2222222222222222,0.19444444444444445,1.0,0
2022,Singapore Grand Prix,GAS,AlphaTauri,7.0,7.0,59,59,1.0,0,0.16666666666666666,0.2,0.6666666666666666,0
2022,Singapore Grand Prix,HAM,Mercedes,3.0,3.0,59,59,1.0,0,0.05555555555555555,0.05555555555555555,0.5,0
2022,Singapore Grand Prix,LAT,Williams,20.0,20.0,7,59,0.11864406779661017,1,0.16666666666666666,0.1891891891891892,0.4,0
2022,Singapore Grand Prix,LEC,Ferrari,1.0,1.0,59,59,1.0,0,0.1111111111111111,0.19444444444444445,0.5,0
2022,Singapore Grand Prix,MAG,Haas F1 Team,9.0,9.0,59,59,1.0,0,0.16666666666666666,0.14285714285714285,0.42857142857142855,0
2022,Singapore Grand Prix,MSC,Haas F1 Team,13.0,13.0,58,59,0.9830508474576272,0,0.11764705882352941,0.1388888888888889,0.375,0
2022,Singapore Grand Prix,NOR,McLaren,6.0,6.0,59,59,1.0,0,0.05555555555555555,0.08333333333333333,0.3333333333333333,0
2022,Singapore Grand Prix,OCO,Alpine,18.0,18.0,27,59,0.4576271186440678,1,0.05555555555555555,0.16216216216216217,0.3,0
2022,Singapore Grand Prix,PER,Red Bull Racing,2.0,2.0,59,59,1.0,0,0.1111111111111111,0.08333333333333333,0.36363636363636365,0
2022,Singapore Grand Prix,RIC,McLaren,17.0,17.0,59,59,1.0,0,0.1111111111111111,0.08108108108108109,0.3333333333333333,0
2022,Singapore Grand Prix,RUS,Mercedes,11.0,11.0,57,59,0.9661016949152542,0,0.05555555555555555,0.05405405405405406,0.3076923076923077,0
2022,Singapore Grand Prix,SAI,Ferrari,4.0,4.0,59,59,1.0,0,0.2777777777777778,0.1891891891891892,0.2857142857142857,0
2022,Singapore Grand Prix,STR,Aston Martin,12.0,12.0,59,59,1.0,0,0.05555555555555555,0.08333333333333333,0.26666666666666666,0
2022,Singapore Grand Prix,TSU,AlphaTauri,10.0,10.0,35,59,0.5932203389830508,1,0.23529411764705882,0.19444444444444445,0.25,0
2022,Singapore Grand Prix,VER,Red Bull Racing,8.0,8.0,59,59,1.0,0,0.05555555555555555,0.08108108108108109,0.29411764705882354,0
2022,Singapore Grand Prix,VET,Aston Martin,14.0,14.0,59,59,1.0,0,0.125,0.08108108108108109,0.2777777777777778,0
2022,Singapore Grand Prix,ZHO,Alfa Romeo,15.0,15.0,7,59,0.11864406779661017,1,0.16666666666666666,0.1891891891891892,0.2631578947368421,0
2022,Spanish Grand Prix,ALB,Williams,19.0,19.0,64,66,0.9696969696969697,0,0.2222222222222222,0.21052631578947367,,0
2022,Spanish Grand Prix,ALO,Alpine,17.0,17.0,65,66,0.9848484848484849,0,0.2631578947368421,0.18421052631578946,0.0,0
2022,Spanish Grand Prix,BOT,Alfa Romeo,7.0,7.0,66,66,1.0,0,0.21052631578947367,0.21052631578947367,0.0,0
2022,Spanish Grand Prix,GAS,AlphaTauri,14.0,14.0,65,66,0.9848484848484849,0,0.15789473684210525,0.21621621621621623,0.0,0
2022,Spanish Grand Prix,HAM,Mercedes,6.0,6.0,66,66,1.0,0,0.05263157894736842,0.05263157894736842,0.0,0
2022,Spanish Grand Prix,LAT,Williams,20.0,20.0,64,66,0.9696969696969697,0,0.21052631578947367,0.20512820512820512,0.0,0
2022,Spanish Grand Prix,LEC,Ferrari,1.0,1.0,27,66,0.4090909090909091,1,0.10526315789473684,0.18421052631578946,0.0,0
2022,Spanish Grand Prix,MAG,Haas F1 Team,8.0,8.0,64,66,0.9696969696969697,0,0.15789473684210525,0.13513513513513514,0.14285714285714285,0
2022,Spanish Grand Prix,MSC,Haas F1 Team,10.0,10.0,65,66,0.9848484848484849,0,0.1111111111111111,0.13157894736842105,0.125,0
2022,Spanish Grand Prix,NOR,McLaren,11.0,11.0,66,66,1.0,0,0.05263157894736842,0.07894736842105263,0.1111111111111111,0
2022,Spanish Grand Prix,OCO,Alpine,12.0,12.0,66,66,1.0,0,0.10526315789473684,0.1794871794871795,0.1,0
2022,Spanish Grand Prix,PER,Red Bull Racing,5.0,5.0,66,66,1.0,0,0.10526315789473684,0.07894736842105263,0.09090909090909091,0
2022,Spanish Grand Prix,RIC,McLaren,9.0,9.0,65,66,0.9848484848484849,0,0.10526315789473684,0.07692307692307693,0.08333333333333333,0
2022,Spanish Grand Prix,RUS,Mercedes,4.0,4.0,66,66,1.0,0,0.05263157894736842,0.05128205128205128,0.07692307692307693,0
2022,Spanish Grand Prix,SAI,Ferrari,3.0,3.0,66,66,1.0,0,0.2631578947368421,0.20512820512820512,0.07142857142857142,0
2022,Spanish Grand Prix,STR,Aston Martin,18.0,18.0,65,66,0.9848484848484849,0,0.05263157894736842,0.07894736842105263,0.06666666666666667,0
2022,Spanish Grand Prix,TSU,AlphaTauri,13.0,13.0,65,66,0.9848484848484849,0,0.2777777777777778,0.21052631578947367,0.0625,0
2022,Spanish Grand Prix,VER,Red Bull Racing,2.0,2.0,66,66,1.0,0,0.05263157894736842,0.07692307692307693,0.058823529411764705,0
2022,Spanish Grand Prix,VET,Aston Martin,16.0,16.0,65,66,0.9848484848484849,0,0.11764705882352941,0.07692307692307693,0.05555555555555555,0
2022,Spanish Grand Prix,ZHO,Alfa Romeo,15.0,15.0,28,66,0.42424242424242425,1,0.21052631578947367,0.20512820512820512,0.05263157894736842,0
2022,São Paulo Grand Prix,ALB,Williams,11.0,11.0,71,71,1.0,0,0.21052631578947367,0.2,,0
2022,São Paulo Grand Prix,ALO,Alpine,7.0,7.0,71,71,1.0,0,0.25,0.175,0.0,0
2022,São Paulo Grand Prix,BOT,Alfa Romeo,18.0,18.0,71,71,1.0,0,0.2,0.225,0.0,0
2022,São Paulo Grand Prix,GAS,AlphaTauri,12.0,12.0,71,71,1.0,0,0.15,0.20512820512820512,0.0,0
2022,São Paulo Grand Prix,HAM,Mercedes,8.0,8.0,71,71,1.0,0,0.05,0.05,0.0,0
2022,São Paulo Grand Prix,LAT,Williams,16.0,16.0,71,71,1.0,0,0.2,0.1951219512195122,0.0,0
2022,São Paulo Grand Prix,LEC,Ferrari,10.0,10.0,71,71,1.0,0,0.15,0.2,0.0,0
2022,São Paulo Grand Prix,MAG,Haas F1 Team,1.0,1.0,1,71,0.014084507042253521,1,0.15,0.1282051282051282,0.0,0
2022,São Paulo Grand Prix,MSC,Haas F1 Team,20.0,20.0,71,71,1.0,0,0.10526315789473684,0.15,0.125,0
2022,São Paulo Grand Prix,NOR,McLaren,4.0,4.0,51,71,0.7183098591549296,1,0.05,0.075,0.1111111111111111,0
2022,São Paulo Grand Prix,OCO,Alpine,6.0,6.0,71,71,1.0,0,0.1,0.17073170731707318,0.2,0
2022,São Paulo Grand Prix,PER,Red Bull Racing,9.0,9.0,71,71,1.0,0,0.1,0.075,0.18181818181818182,0
2022,São Paulo Grand Prix,RIC,McLaren,14.0,14.0,1,71,0.014084507042253521,1,0.1,0.0975609756097561,0.16666666666666666,0
2022,São Paulo Grand Prix,RUS,Mercedes,3.0,3.0,71,71,1.0,0,0.05,0.04878048780487805,0.23076923076923078,0
2022,São Paulo Grand Prix,SAI,Ferrari,5.0,5.0,71,71,1.0,0,0.25,0.1951219512195122,0.21428571428571427,0
2022,São Paulo Grand Prix,STR,Aston Martin,15.0,15.0,71,71,1.0,0,0.05,0.075,0.2,0
2022,São Paulo Grand Prix,TSU,AlphaTauri,19.0,19.0,70,71,0.9859154929577465,0,0.2631578947368421,0.2,0.1875,0
2022,São Paulo Grand Prix,VER,Red Bull Racing,2.0,2.0,71,71,1.0,0,0.05,0.07317073170731707,0.17647058823529413,0
2022,São Paulo Grand Prix,VET,Aston Martin,13.0,13.0,71,71,1.0,0,0.1111111111111111,0.07317073170731707,0.16666666666666666,0
2022,São Paulo Grand Prix,ZHO,Alfa Romeo,17.0,17.0,71,71,1.0,0,0.25,0.21951219512195122,0.15789473684210525,0
2022,United States Grand Prix,ALB,Williams,11.0,11.0,56,56,1.0,0,0.2,0.19047619047619047,,0
2022,United States Grand Prix,ALO,Alpine,9.0,9.0,56,56,1.0,0,0.23809523809523808,0.16666666666666666,0.0,0
2022,United States Grand Prix,BOT,Alfa Romeo,10.0,10.0,17,56,0.30357142857142855,1,0.19047619047619047,0.21428571428571427,0.0,0
2022,United States Grand Prix,GAS,AlphaTauri,13.0,13.0,56,56,1.0,0,0.14285714285714285,0.1951219512195122,0.3333333333333333,0
2022,United States Grand Prix,HAM,Mercedes,5.0,5.0,56,56,1.0,0,0.047619047619047616,0.047619047619047616,0.25,0
2022,United States Grand Prix,LAT,Williams,20.0,20.0,56,56,1.0,0,0.19047619047619047,0.18604651162790697,0.2,0
2022,United States Grand Prix,LEC,Ferrari,2.0,2.0,56,56,1.0,0,0.14285714285714285,0.19047619047619047,0.16666666666666666,0
2022,United States Grand Prix,MAG,Haas F1 Team,16.0,16.0,56,56,1.0,0,0.19047619047619047,0.14634146341463414,0.14285714285714285,0
2022,United States Grand Prix,MSC,Haas F1 Team,19.0,19.0,56,56,1.0,0,0.1,0.14285714285714285,0.125,0
2022,United States Grand Prix,NOR,McLaren,8.0,8.0,56,56,1.0,0,0.09523809523809523,0.11904761904761904,0.1111111111111111,0
2022,United States Grand Prix,OCO,Alpine,18.0,18.0,56,56,1.0,0,0.09523809523809523,0.16279069767441862,0.1,0
2022,United States Grand Prix,PER,Red Bull Racing,4.0,4.0,56,56,1.0,0,0.09523809523809523,0.07142857142857142,0.09090909090909091,0
2022,United States Grand Prix,RIC,McLaren,17.0,17.0,56,56,1.0,0,0.14285714285714285,0.11627906976744186,0.08333333333333333,0
2022,United States Grand Prix,RUS,Mercedes,6.0,6.0,56,56,1.0,0,0.047619047619047616,0.046511627906976744,0.07692307692307693,0
2022,United States Grand Prix,SAI,Ferrari,1.0,1.0,1,56,0.017857142857142856,1,0.23809523809523808,0.18604651162790697,0.07142857142857142,0
2022,United States Grand Prix,STR,Aston Martin,7.0,7.0,22,56,0.39285714285714285,1,0.047619047619047616,0.07142857142857142,0.13333333333333333,0
2022,United States Grand Prix,TSU,AlphaTauri,15.0,15.0,56,56,1.0,0,0.25,0.19047619047619047,0.1875,0
2022,United States Grand Prix,VER,Red Bull Racing,3.0,3.0,56,56,1.0,0,0.047619047619047616,0.06976744186046512,0.17647058823529413,0
2022,United States Grand Prix,VET,Aston Martin,12.0,12.0,56,56,1.0,0,0.10526315789473684,0.09302325581395349,0.16666666666666666,0
2022,United States Grand Prix,ZHO,Alfa Romeo,14.0,14.0,56,56,1.0,0,0.23809523809523808,0.23255813953488372,0.15789473684210525,0
2023,Abu Dhabi Grand Prix,ALB,Williams,14.0,14.0,58,58,1.0,0,0.19047619047619047,0.18181818181818182,0.05,1
2023,Abu Dhabi Grand Prix,ALO,Aston Martin,7.0,7.0,58,58,1.0,0,0.22727272727272727,0.09090909090909091,0.047619047619047616,1
2023,Abu Dhabi Grand Prix,BOT,Alfa Romeo,18.0,18.0,57,58,0.9827586206896551,0,0.22727272727272727,0.22727272727272727,0.045454545454545456,1
2023,Abu Dhabi Grand Prix,GAS,Alpine,10.0,10.0,58,58,1.0,0,0.13636363636363635,0.1590909090909091,0.043478260869565216,1
2023,Abu Dhabi Grand Prix,HAM,Mercedes,11.0,11.0,58,58,1.0,0,0.045454545454545456,0.045454545454545456,0.041666666666666664,1
2023,Abu Dhabi Grand Prix,HUL,Haas F1 Team,8.0,8.0,58,58,1.0,0,0.0,0.13953488372093023,0.04,1
2023,Abu Dhabi Grand Prix,LEC,Ferrari,2.0,2.0,58,58,1.0,0,0.13636363636363635,0.20454545454545456,0.038461538461538464,1
2023,Abu Dhabi Grand Prix,MAG,Haas F1 Team,17.0,17.0,57,58,0.9827586206896551,0,0.18181818181818182,0.13636363636363635,0.037037037037037035,1
2023,Abu Dhabi Grand Prix,NOR,McLaren,5.0,5.0,58,58,1.0,0,0.09090909090909091,0.11363636363636363,0.03571428571428571,1
2023,Abu Dhabi Grand Prix,OCO,Alpine,12.0,12.0,58,58,1.0,0,0.09090909090909091,0.15555555555555556,0.034482758620689655,1
2023,Abu Dhabi Grand Prix,PER,Red Bull Racing,9.0,9.0,58,58,1.0,0,0.09090909090909091,0.06818181818181818,0.03333333333333333,1
2023,Abu Dhabi Grand Prix,PIA,McLaren,3.0,3.0,58,58,1.0,0,,0.1111111111111111,0.03225806451612903,1
2023,Abu Dhabi Grand Prix,RIC,AlphaTauri,15.0,15.0,58,58,1.0,0,0.13636363636363635,0.18604651162790697,0.03125,1
2023,Abu Dhabi Grand Prix,RUS,Mercedes,4.0,4.0,58,58,1.0,0,0.045454545454545456,0.044444444444444446,0.030303030303030304,1
2023,Abu Dhabi Grand Prix,SAI,Ferrari,16.0,16.0,57,58,0.9827586206896551,0,0.2727272727272727,0.2,0.029411764705882353,1
2023,Abu Dhabi Grand Prix,SAR,Williams,20.0,20.0,58,58,1.0,0,,0.17777777777777778,0.02857142857142857,1
2023,Abu Dhabi Grand Prix,STR,Aston Martin,13.0,13.0,58,58,1.0,0,0.09090909090909091,0.08888888888888889,0.027777777777777776,1
2023,Abu Dhabi Grand Prix,TSU,AlphaTauri,6.0,6.0,58,58,1.0,0,0.23809523809523808,0.18181818181818182,0.02702702702702703,1
2023,Abu Dhabi Grand Prix,VER,Red Bull Racing,1.0,1.0,58,58,1.0,0,0.045454545454545456,0.06666666666666667,0.02631578947368421,1
2023,Abu Dhabi Grand Prix,ZHO,Alfa Romeo,19.0,19.0,58,58,1.0,0,0.22727272727272727,0.2222222222222222,0.02564102564102564,1
2023,Australian Grand Prix,ALB,Williams,8.0,8.0,7,58,0.1206896551724138,1,0.18181818181818182,0.17391304347826086,0.15,1
2023,Australian Grand Prix,ALO,Aston Martin,4.0,4.0,58,58,1.0,0,0.21739130434782608,0.08695652173913043,0.19047619047619047,1
2023,Australian Grand Prix,BOT,Alfa Romeo,19.0,19.0,58,58,1.0,0,0.21739130434782608,0.21739130434782608,0.18181818181818182,1
2023,Australian Grand Prix,DEV,AlphaTauri,15.0,15.0,57,58,0.9827586206896551,0,0.0,0.17777777777777778,0.17391304347826086,1
2023,Australian Grand Prix,GAS,Alpine,9.0,9.0,57,58,0.9827586206896551,0,0.13043478260869565,0.15217391304347827,0.16666666666666666,1
2023,Australian Grand Prix,HAM,Mercedes,3.0,3.0,58,58,1.0,0,0.043478260869565216,0.043478260869565216,0.16,1
2023,Australian Grand Prix,HUL,Haas F1 Team,10.0,10.0,58,58,1.0,0,0.0,0.13333333333333333,0.15384615384615385,1
2023,Australian Grand Prix,LEC,Ferrari,7.0,7.0,1,58,0.017241379310344827,1,0.13043478260869565,0.1956521739130435,0.14814814814814814,1
2023,Australian Grand Prix,MAG,Haas F1 Team,14.0,14.0,53,58,0.9137931034482759,0,0.17391304347826086,0.13043478260869565,0.17857142857142858,1
2023,Australian Grand Prix,NOR,McLaren,13.0,13.0,58,58,1.0,0,0.08695652173913043,0.10869565217391304,0.1724137931034483,1
2023,Australian Grand Prix,OCO,Alpine,11.0,11.0,57,58,0.9827586206896551,0,0.08695652173913043,0.14893617021276595,0.16666666666666666,1
2023,Australian Grand Prix,PER,Red Bull Racing,20.0,20.0,58,58,1.0,0,0.08695652173913043,0.06521739130434782,0.16129032258064516,1
2023,Australian Grand Prix,PIA,McLaren,16.0,16.0,58,58,1.0,0,0.0,0.10638297872340426,0.15625,1
2023,Australian Grand Prix,RUS,Mercedes,2.0,2.0,18,58,0.3103448275862069,1,0.043478260869565216,0.0425531914893617,0.15151515151515152,1
2023,Australian Grand Prix,SAI,Ferrari,5.0,5.0,58,58,1.0,0,0.2608695652173913,0.2127659574468085,0.17647058823529413,1
2023,Australian Grand Prix,SAR,Williams,18.0,18.0,57,58,0.9827586206896551,0,0.0,0.19148936170212766,0.17142857142857143,1
2023,Australian Grand Prix,STR,Aston Martin,6.0,6.0,58,58,1.0,0,0.08695652173913043,0.0851063829787234,0.16666666666666666,1
2023,Australian Grand Prix,TSU,AlphaTauri,12.0,12.0,58,58,1.0,0,0.22727272727272727,0.17391304347826086,0.16216216216216217,1
2023,Australian Grand Prix,VER,Red Bull Racing,1.0,1.0,58,58,1.0,0,0.043478260869565216,0.06382978723404255,0.15789473684210525,1
2023,Australian Grand Prix,ZHO,Alfa Romeo,17.0,17.0,58,58,1.0,0,0.21739130434782608,0.2127659574468085,0.15384615384615385,1
2023,Austrian Grand Prix,ALB,Williams,10.0,10.0,71,71,1.0,0,0.21739130434782608,0.1875,0.15,1
2023,Austrian Grand Prix,ALO,Aston Martin,7.0,7.0,71,71,1.0,0,0.20833333333333334,0.08333333333333333,0.14285714285714285,1
2023,Austrian Grand Prix,BOT,Alfa Romeo,14.0,14.0,70,71,0.9859154929577465,0,0.20833333333333334,0.20833333333333334,0.13636363636363635,1
2023,Austrian Grand Prix,DEV,AlphaTauri,20.0,20.0,70,71,0.9859154929577465,0,0.0,0.1702127659574468,0.13043478260869565,1
2023,Austrian Grand Prix,GAS,Alpine,9.0,9.0,71,71,1.0,0,0.125,0.14583333333333334,0.125,1
2023,Austrian Grand Prix,HAM,Mercedes,5.0,5.0,71,71,1.0,0,0.041666666666666664,0.0625,0.12,1
2023,Austrian Grand Prix,HUL,Haas F1 Team,8.0,8.0,13,71,0.18309859154929578,1,0.0,0.1276595744680851,0.11538461538461539,1
2023,Austrian Grand Prix,LEC,Ferrari,2.0,2.0,71,71,1.0,0,0.16666666666666666,0.20833333333333334,0.14814814814814814,1
2023,Austrian Grand Prix,MAG,Haas F1 Team,19.0,19.0,70,71,0.9859154929577465,0,0.16666666666666666,0.14583333333333334,0.14285714285714285,1
2023,Austrian Grand Prix,NOR,McLaren,4.0,4.0,71,71,1.0,0,0.08333333333333333,0.10416666666666667,0.13793103448275862,1
2023,Austrian Grand Prix,OCO,Alpine,12.0,12.0,70,71,0.9859154929577465,0,0.08333333333333333,0.14285714285714285,0.13333333333333333,1
2023,Austrian Grand Prix,PER,Red Bull Racing,15.0,15.0,71,71,1.0,0,0.08333333333333333,0.0625,0.12903225806451613,1
2023,Austrian Grand Prix,PIA,McLaren,13.0,13.0,70,71,0.9859154929577465,0,0.0,0.10204081632653061,0.125,1
2023,Austrian Grand Prix,RUS,Mercedes,11.0,11.0,71,71,1.0,0,0.08333333333333333,0.061224489795918366,0.12121212121212122,1
2023,Austrian Grand Prix,SAI,Ferrari,3.0,3.0,71,71,1.0,0,0.25,0.20408163265306123,0.11764705882352941,1
2023,Austrian Grand Prix,SAR,Williams,18.0,18.0,70,71,0.9859154929577465,0,0.0,0.1836734693877551,0.11428571428571428,1
2023,Austrian Grand Prix,STR,Aston Martin,6.0,6.0,71,71,1.0,0,0.08333333333333333,0.08163265306122448,0.1111111111111111,1
2023,Austrian Grand Prix,TSU,AlphaTauri,16.0,16.0,70,71,0.9859154929577465,0,0.21739130434782608,0.16666666666666666,0.10810810810810811,1
2023,Austrian Grand Prix,VER,Red Bull Racing,1.0,1.0,71,71,1.0,0,0.041666666666666664,0.061224489795918366,0.10526315789473684,1
2023,Austrian Grand Prix,ZHO,Alfa Romeo,17.0,17.0,70,71,0.9859154929577465,0,0.20833333333333334,0.20408163265306123,0.10256410256410256,1
2023,Azerbaijan Grand Prix,ALB,Williams,13.0,13.0,51,51,1.0,0,0.20833333333333334,0.18,0.2,1
2023,Azerbaijan Grand Prix,ALO,Aston Martin,6.0,6.0,51,51,1.0,0,0.2,0.08,0.19047619047619047,1
2023,Azerbaijan Grand Prix,BOT,Alfa Romeo,14.0,14.0,50,51,0.9803921568627451,0,0.2,0.2,0.18181818181818182,1
2023,Azerbaijan Grand Prix,DEV,AlphaTauri,20.0,20.0,10,51,0.19607843137254902,1,0.0,0.16326530612244897,0.17391304347826086,1
2023,Azerbaijan Grand Prix,GAS,Alpine,19.0,19.0,51,51,1.0,0,0.12,0.14,0.20833333333333334,1
2023,Azerbaijan Grand Prix,HAM,Mercedes,5.0,5.0,51,51,1.0,0,0.04,0.06,0.2,1
2023,Azerbaijan Grand Prix,HUL,Haas F1 Team,17.0,17.0,50,51,0.9803921568627451,0,0.2,0.14285714285714285,0.19230769230769232,1
2023,Azerbaijan Grand Prix,LEC,Ferrari,1.0,1.0,51,51,1.0,0,0.16,0.2,0.18518518518518517,1
2023,Azerbaijan Grand Prix,MAG,Haas F1 Team,18.0,18.0,51,51,1.0,0,0.16,0.14,0.17857142857142858,1
2023,Azerbaijan Grand Prix,NOR,McLaren,7.0,7.0,51,51,1.0,0,0.08,0.1,0.1724137931034483,1
2023,Azerbaijan Grand Prix,OCO,Alpine,12.0,12.0,51,51,1.0,0,0.08,0.13725490196078433,0.16666666666666666,1
2023,Azerbaijan Grand Prix,PER,Red Bull Racing,3.0,3.0,51,51,1.0,0,0.08,0.06,0.16129032258064516,1
2023,Azerbaijan Grand Prix,PIA,McLaren,10.0,10.0,51,51,1.0,0,0.0,0.09803921568627451,0.15625,1
2023,Azerbaijan Grand Prix,RUS,Mercedes,11.0,11.0,51,51,1.0,0,0.08,0.058823529411764705,0.15151515151515152,1
2023,Azerbaijan Grand Prix,SAI,Ferrari,4.0,4.0,51,51,1.0,0,0.24,0.19607843137254902,0.14705882352941177,1
2023,Azerbaijan Grand Prix,SAR,Williams,15.0,15.0,51,51,1.0,0,0.0,0.17647058823529413,0.14285714285714285,1
2023,Azerbaijan Grand Prix,STR,Aston Martin,9.0,9.0,51,51,1.0,0,0.08,0.0784313725490196,0.1388888888888889,1
2023,Azerbaijan Grand Prix,TSU,AlphaTauri,8.0,8.0,51,51,1.0,0,0.20833333333333334,0.18,0.13513513513513514,1
2023,Azerbaijan Grand Prix,VER,Red Bull Racing,2.0,2.0,51,51,1.0,0,0.04,0.058823529411764705,0.13157894736842105,1
2023,Azerbaijan Grand Prix,ZHO,Alfa Romeo,16.0,16.0,36,51,0.7058823529411765,1,0.2,0.19607843137254902,0.1282051282051282,1
2023,Bahrain Grand Prix,ALB,Williams,15.0,15.0,57,57,1.0,0,0.2,0.17307692307692307,0.05,1
2023,Bahrain Grand Prix,ALO,Aston Martin,5.0,5.0,57,57,1.0,0,0.19230769230769232,0.07692307692307693,0.047619047619047616,1
2023,Bahrain Grand Prix,BOT,Alfa Romeo,12.0,12.0,57,57,1.0,0,0.19230769230769232,0.21153846153846154,0.045454545454545456,1
2023,Bahrain Grand Prix,DEV,AlphaTauri,19.0,19.0,56,57,0.9824561403508771,0,0.25,0.17647058823529413,0.043478260869565216,1
2023,Bahrain Grand Prix,GAS,Alpine,20.0,20.0,57,57,1.0,0,0.11538461538461539,0.1346153846153846,0.041666666666666664,1
2023,Bahrain Grand Prix,HAM,Mercedes,7.0,7.0,57,57,1.0,0,0.038461538461538464,0.057692307692307696,0.04,1
2023,Bahrain Grand Prix,HUL,Haas F1 Team,10.0,10.0,56,57,0.9824561403508771,0,0.16666666666666666,0.13725490196078433,0.038461538461538464,1
2023,Bahrain Grand Prix,LEC,Ferrari,3.0,3.0,40,57,0.7017543859649122,1,0.15384615384615385,0.19230769230769232,0.037037037037037035,1
2023,Bahrain Grand Prix,MAG,Haas F1 Team,17.0,17.0,56,57,0.9824561403508771,0,0.15384615384615385,0.1346153846153846,0.07142857142857142,1
2023,Bahrain Grand Prix,NOR,McLaren,11.0,11.0,55,57,0.9649122807017544,0,0.07692307692307693,0.09615384615384616,0.06896551724137931,1
2023,Bahrain Grand Prix,OCO,Alpine,9.0,9.0,41,57,0.7192982456140351,1,0.07692307692307693,0.1320754716981132,0.06666666666666667,1
2023,Bahrain Grand Prix,PER,Red Bull Racing,2.0,2.0,57,57,1.0,0,0.07692307692307693,0.057692307692307696,0.0967741935483871,1
2023,Bahrain Grand Prix,PIA,McLaren,18.0,18.0,13,57,0.22807017543859648,1,0.0,0.09433962264150944,0.09375,1
2023,Bahrain Grand Prix,RUS,Mercedes,6.0,6.0,57,57,1.0,0,0.07692307692307693,0.05660377358490566,0.12121212121212122,1
2023,Bahrain Grand Prix,SAI,Ferrari,4.0,4.0,57,57,1.0,0,0.23076923076923078,0.20754716981132076,0.11764705882352941,1
2023,Bahrain Grand Prix,SAR,Williams,16.0,16.0,56,57,0.9824561403508771,0,0.0,0.16981132075471697,0.11428571428571428,1
2023,Bahrain Grand Prix,STR,Aston Martin,8.0,8.0,57,57,1.0,0,0.07692307692307693,0.07547169811320754,0.1111111111111111,1
2023,Bahrain Grand Prix,TSU,AlphaTauri,14.0,14.0,57,57,1.0,0,0.2,0.17307692307692307,0.10810810810810811,1
2023,Bahrain Grand Prix,VER,Red Bull Racing,1.0,1.0,57,57,1.0,0,0.038461538461538464,0.05660377358490566,0.10526315789473684,1
2023,Bahrain Grand Prix,ZHO,Alfa Romeo,13.0,13.0,56,57,0.9824561403508771,0,0.23076923076923078,0.20754716981132076,0.10256410256410256,1
2023,Belgian Grand Prix,ALB,Williams,16.0,16.0,44,44,1.0,0,0.19230769230769232,0.16666666666666666,0.1,1
2023,Belgian Grand Prix,ALO,Aston Martin,9.0,9.0,44,44,1.0,0,0.18518518518518517,0.07407407407407407,0.09523809523809523,1
2023,Belgian Grand Prix,BOT,Alfa Romeo,14.0,14.0,44,44,1.0,0,0.18518518518518517,0.2037037037037037,0.09090909090909091,1
2023,Belgian Grand Prix,GAS,Alpine,12.0,12.0,44,44,1.0,0,0.1111111111111111,0.14814814814814814,0.08695652173913043,1
2023,Belgian Grand Prix,HAM,Mercedes,4.0,4.0,44,44,1.0,0,0.037037037037037035,0.05555555555555555,0.08333333333333333,1
2023,Belgian Grand Prix,HUL,Haas F1 Team,20.0,20.0,44,44,1.0,0,0.14285714285714285,0.1320754716981132,0.08,1
2023,Belgian Grand Prix,LEC,Ferrari,2.0,2.0,44,44,1.0,0,0.18518518518518517,0.2037037037037037,0.07692307692307693,1
2023,Belgian Grand Prix,MAG,Haas F1 Team,13.0,13.0,44,44,1.0,0,0.14814814814814814,0.12962962962962962,0.07407407407407407,1
2023,Belgian Grand Prix,NOR,McLaren,7.0,7.0,44,44,1.0,0,0.07407407407407407,0.1111111111111111,0.07142857142857142,1
2023,Belgian Grand Prix,OCO,Alpine,15.0,15.0,44,44,1.0,0,0.1111111111111111,0.14545454545454545,0.06896551724137931,1
2023,Belgian Grand Prix,PER,Red Bull Racing,3.0,3.0,44,44,1.0,0,0.07407407407407407,0.05555555555555555,0.06666666666666667,1
2023,Belgian Grand Prix,PIA,McLaren,6.0,6.0,1,44,0.022727272727272728,1,0.2,0.10909090909090909,0.06451612903225806,1
2023,Belgian Grand Prix,RIC,AlphaTauri,19.0,19.0,44,44,1.0,0,0.13043478260869565,0.16981132075471697,0.09375,1
2023,Belgian Grand Prix,RUS,Mercedes,8.0,8.0,44,44,1.0,0,0.07407407407407407,0.05454545454545454,0.09090909090909091,1
2023,Belgian Grand Prix,SAI,Ferrari,5.0,5.0,23,44,0.5227272727272727,1,0.2222222222222222,0.2,0.08823529411764706,1
2023,Belgian Grand Prix,SAR,Williams,18.0,18.0,44,44,1.0,0,0.0,0.16363636363636364,0.11428571428571428,1
2023,Belgian Grand Prix,STR,Aston Martin,10.0,10.0,44,44,1.0,0,0.07407407407407407,0.07272727272727272,0.1111111111111111,1
2023,Belgian Grand Prix,TSU,AlphaTauri,11.0,11.0,44,44,1.0,0,0.19230769230769232,0.16666666666666666,0.10810810810810811,1
2023,Belgian Grand Prix,VER,Red Bull Racing,1.0,1.0,44,44,1.0,0,0.037037037037037035,0.05454545454545454,0.10526315789473684,1
2023,Belgian Grand Prix,ZHO,Alfa Romeo,17.0,17.0,44,44,1.0,0,0.2222222222222222,0.2,0.10256410256410256,1
2023,British Grand Prix,ALB,Williams,8.0,8.0,52,52,1.0,0,0.18518518518518517,0.16071428571428573,0.3,1
2023,British Grand Prix,ALO,Aston Martin,9.0,9.0,52,52,1.0,0,0.17857142857142858,0.07142857142857142,0.2857142857142857,1
2023,British Grand Prix,BOT,Alfa Romeo,15.0,15.0,52,52,1.0,0,0.17857142857142858,0.19642857142857142,0.2727272727272727,1
2023,British Grand Prix,DEV,AlphaTauri,18.0,18.0,52,52,1.0,0,0.2,0.16363636363636364,0.2608695652173913,1
2023,British Grand Prix,GAS,Alpine,10.0,10.0,46,52,0.8846153846153846,1,0.10714285714285714,0.14285714285714285,0.25,1
2023,British Grand Prix,HAM,Mercedes,7.0,7.0,52,52,1.0,0,0.03571428571428571,0.05357142857142857,0.28,1
2023,British Grand Prix,HUL,Haas F1 Team,11.0,11.0,52,52,1.0,0,0.125,0.12727272727272726,0.2692307692307692,1
2023,British Grand Prix,LEC,Ferrari,4.0,4.0,52,52,1.0,0,0.17857142857142858,0.21428571428571427,0.25925925925925924,1
2023,British Grand Prix,MAG,Haas F1 Team,19.0,19.0,32,52,0.6153846153846154,1,0.14285714285714285,0.125,0.25,1
2023,British Grand Prix,NOR,McLaren,2.0,2.0,52,52,1.0,0,0.07142857142857142,0.125,0.27586206896551724,1
2023,British Grand Prix,OCO,Alpine,13.0,13.0,9,52,0.17307692307692307,1,0.10714285714285714,0.15789473684210525,0.26666666666666666,1
2023,British Grand Prix,PER,Red Bull Racing,15.0,15.0,52,52,1.0,0,0.07142857142857142,0.05357142857142857,0.2903225806451613,1
2023,British Grand Prix,PIA,McLaren,3.0,3.0,52,52,1.0,0,0.3333333333333333,0.12280701754385964,0.28125,1
2023,British Grand Prix,RUS,Mercedes,6.0,6.0,52,52,1.0,0,0.07142857142857142,0.05263157894736842,0.2727272727272727,1
2023,British Grand Prix,SAI,Ferrari,5.0,5.0,52,52,1.0,0,0.25,0.21052631578947367,0.2647058823529412,1
2023,British Grand Prix,SAR,Williams,14.0,14.0,52,52,1.0,0,0.0,0.15789473684210525,0.2571428571428571,1
2023,British Grand Prix,STR,Aston Martin,12.0,12.0,52,52,1.0,0,0.07142857142857142,0.07017543859649122,0.25,1
2023,British Grand Prix,TSU,AlphaTauri,16.0,16.0,52,52,1.0,0,0.18518518518518517,0.16071428571428573,0.24324324324324326,1
2023,British Grand Prix,VER,Red Bull Racing,1.0,1.0,52,52,1.0,0,0.03571428571428571,0.05263157894736842,0.23684210526315788,1
2023,British Grand Prix,ZHO,Alfa Romeo,17.0,17.0,52,52,1.0,0,0.21428571428571427,0.19298245614035087,0.23076923076923078,1
2023,Canadian Grand Prix,ALB,Williams,10.0,10.0,70,70,1.0,0,0.17857142857142858,0.15517241379310345,0.15,1
2023,Canadian Grand Prix,ALO,Aston Martin,3.0,3.0,70,70,1.0,0,0.1724137931034483,0.06896551724137931,0.14285714285714285,1
2023,Canadian Grand Prix,BOT,Alfa Romeo,15.0,15.0,70,70,1.0,0,0.1724137931034483,0.1896551724137931,0.13636363636363635,1
2023,Canadian Grand Prix,DEV,AlphaTauri,18.0,18.0,69,70,0.9857142857142858,0,0.16666666666666666,0.15789473684210525,0.13043478260869565,1
2023,Canadian Grand Prix,GAS,Alpine,17.0,17.0,70,70,1.0,0,0.13793103448275862,0.1724137931034483,0.125,1
2023,Canadian Grand Prix,HAM,Mercedes,4.0,4.0,70,70,1.0,0,0.034482758620689655,0.05172413793103448,0.12,1
2023,Canadian Grand Prix,HUL,Haas F1 Team,2.0,2.0,69,70,0.9857142857142858,0,0.1111111111111111,0.14035087719298245,0.11538461538461539,1
2023,Canadian Grand Prix,LEC,Ferrari,11.0,11.0,70,70,1.0,0,0.1724137931034483,0.20689655172413793,0.1111111111111111,1
2023,Canadian Grand Prix,MAG,Haas F1 Team,14.0,14.0,69,70,0.9857142857142858,0,0.1724137931034483,0.13793103448275862,0.10714285714285714,1
2023,Canadian Grand Prix,NOR,McLaren,7.0,7.0,70,70,1.0,0,0.06896551724137931,0.1206896551724138,0.10344827586206896,1
2023,Canadian Grand Prix,OCO,Alpine,6.0,6.0,70,70,1.0,0,0.13793103448275862,0.1694915254237288,0.1,1
2023,Canadian Grand Prix,PER,Red Bull Racing,12.0,12.0,70,70,1.0,0,0.06896551724137931,0.05172413793103448,0.0967741935483871,1
2023,Canadian Grand Prix,PIA,McLaren,9.0,9.0,70,70,1.0,0,0.2857142857142857,0.11864406779661017,0.09375,1
2023,Canadian Grand Prix,RUS,Mercedes,5.0,5.0,54,70,0.7714285714285715,1,0.06896551724137931,0.05084745762711865,0.09090909090909091,1
2023,Canadian Grand Prix,SAI,Ferrari,8.0,8.0,70,70,1.0,0,0.2413793103448276,0.2033898305084746,0.11764705882352941,1
2023,Canadian Grand Prix,SAR,Williams,19.0,19.0,7,70,0.1,1,0.0,0.15254237288135594,0.11428571428571428,1
2023,Canadian Grand Prix,STR,Aston Martin,13.0,13.0,70,70,1.0,0,0.06896551724137931,0.06779661016949153,0.1388888888888889,1
2023,Canadian Grand Prix,TSU,AlphaTauri,16.0,16.0,70,70,1.0,0,0.17857142857142858,0.15517241379310345,0.13513513513513514,1
2023,Canadian Grand Prix,VER,Red Bull Racing,1.0,1.0,70,70,1.0,0,0.034482758620689655,0.05084745762711865,0.13157894736842105,1
2023,Canadian Grand Prix,ZHO,Alfa Romeo,20.0,20.0,69,70,0.9857142857142858,0,0.20689655172413793,0.1864406779661017,0.1282051282051282,1
2023,Dutch Grand Prix,ALB,Williams,4.0,4.0,72,72,1.0,0,0.1724137931034483,0.16666666666666666,0.1,1
2023,Dutch Grand Prix,ALO,Aston Martin,5.0,5.0,72,72,1.0,0,0.16666666666666666,0.06666666666666667,0.09523809523809523,1
2023,Dutch Grand Prix,BOT,Alfa Romeo,19.0,19.0,72,72,1.0,0,0.16666666666666666,0.18333333333333332,0.09090909090909091,1
2023,Dutch Grand Prix,GAS,Alpine,12.0,12.0,72,72,1.0,0,0.13333333333333333,0.16666666666666666,0.08695652173913043,1
2023,Dutch Grand Prix,HAM,Mercedes,13.0,13.0,72,72,1.0,0,0.03333333333333333,0.06666666666666667,0.08333333333333333,1
2023,Dutch Grand Prix,HUL,Haas F1 Team,15.0,15.0,72,72,1.0,0,0.1,0.13559322033898305,0.08,1
2023,Dutch Grand Prix,LAW,AlphaTauri,20.0,20.0,72,72,1.0,0,,0.15254237288135594,0.07692307692307693,1
2023,Dutch Grand Prix,LEC,Ferrari,9.0,9.0,41,72,0.5694444444444444,1,0.16666666666666666,0.2,0.07407407407407407,1
2023,Dutch Grand Prix,MAG,Haas F1 Team,18.0,18.0,72,72,1.0,0,0.16666666666666666,0.13333333333333333,0.10714285714285714,1
2023,Dutch Grand Prix,NOR,McLaren,2.0,2.0,72,72,1.0,0,0.06666666666666667,0.11666666666666667,0.10344827586206896,1
2023,Dutch Grand Prix,OCO,Alpine,17.0,17.0,72,72,1.0,0,0.13333333333333333,0.16393442622950818,0.1,1
2023,Dutch Grand Prix,PER,Red Bull Racing,7.0,7.0,72,72,1.0,0,0.06666666666666667,0.05,0.0967741935483871,1
2023,Dutch Grand Prix,PIA,McLaren,8.0,8.0,72,72,1.0,0,0.25,0.11475409836065574,0.09375,1
2023,Dutch Grand Prix,RUS,Mercedes,3.0,3.0,72,72,1.0,0,0.1,0.06557377049180328,0.09090909090909091,1
2023,Dutch Grand Prix,SAI,Ferrari,6.0,6.0,72,72,1.0,0,0.23333333333333334,0.21311475409836064,0.08823529411764706,1
2023,Dutch Grand Prix,SAR,Williams,10.0,10.0,15,72,0.20833333333333334,1,0.125,0.16393442622950818,0.08571428571428572,1
2023,Dutch Grand Prix,STR,Aston Martin,11.0,11.0,72,72,1.0,0,0.06666666666666667,0.06557377049180328,0.1111111111111111,1
2023,Dutch Grand Prix,TSU,AlphaTauri,14.0,14.0,72,72,1.0,0,0.1724137931034483,0.15,0.10810810810810811,1
2023,Dutch Grand Prix,VER,Red Bull Racing,1.0,1.0,72,72,1.0,0,0.03333333333333333,0.04918032786885246,0.10526315789473684,1
2023,Dutch Grand Prix,ZHO,Alfa Romeo,16.0,16.0,63,72,0.875,1,0.2,0.18032786885245902,0.10256410256410256,1
2023,Hungarian Grand Prix,ALB,Williams,16.0,16.0,69,70,0.9857142857142858,0,0.16666666666666666,0.1774193548387097,0.0,1
2023,Hungarian Grand Prix,ALO,Aston Martin,8.0,8.0,70,70,1.0,0,0.16129032258064516,0.06451612903225806,0.0,1
2023,Hungarian Grand Prix,BOT,Alfa Romeo,7.0,7.0,69,70,0.9857142857142858,0,0.16129032258064516,0.1935483870967742,0.0,1
2023,Hungarian Grand Prix,GAS,Alpine,15.0,15.0,1,70,0.014285714285714285,1,0.12903225806451613,0.16129032258064516,0.0,1
2023,Hungarian Grand Prix,HAM,Mercedes,1.0,1.0,70,70,1.0,0,0.03225806451612903,0.06451612903225806,0.041666666666666664,1
2023,Hungarian Grand Prix,HUL,Haas F1 Team,10.0,10.0,69,70,0.9857142857142858,0,0.09090909090909091,0.13114754098360656,0.04,1
2023,Hungarian Grand Prix,LEC,Ferrari,6.0,6.0,70,70,1.0,0,0.1935483870967742,0.20967741935483872,0.038461538461538464,1
2023,Hungarian Grand Prix,MAG,Haas F1 Team,19.0,19.0,69,70,0.9857142857142858,0,0.16129032258064516,0.12903225806451613,0.037037037037037035,1
2023,Hungarian Grand Prix,NOR,McLaren,3.0,3.0,70,70,1.0,0,0.06451612903225806,0.11290322580645161,0.03571428571428571,1
2023,Hungarian Grand Prix,OCO,Alpine,12.0,12.0,2,70,0.02857142857142857,1,0.12903225806451613,0.1746031746031746,0.034482758620689655,1
2023,Hungarian Grand Prix,PER,Red Bull Racing,9.0,9.0,70,70,1.0,0,0.06451612903225806,0.04838709677419355,0.06666666666666667,1
2023,Hungarian Grand Prix,PIA,McLaren,4.0,4.0,70,70,1.0,0,0.2222222222222222,0.1111111111111111,0.06451612903225806,1
2023,Hungarian Grand Prix,RIC,AlphaTauri,13.0,13.0,69,70,0.9857142857142858,0,0.125,0.14754098360655737,0.0625,1
2023,Hungarian Grand Prix,RUS,Mercedes,18.0,18.0,70,70,1.0,0,0.0967741935483871,0.06349206349206349,0.06060606060606061,1
2023,Hungarian Grand Prix,SAI,Ferrari,11.0,11.0,70,70,1.0,0,0.22580645161290322,0.20634920634920634,0.058823529411764705,1
2023,Hungarian Grand Prix,SAR,Williams,20.0,20.0,67,70,0.9571428571428572,0,0.2222222222222222,0.1746031746031746,0.05714285714285714,1
2023,Hungarian Grand Prix,STR,Aston Martin,14.0,14.0,69,70,0.9857142857142858,0,0.06451612903225806,0.06349206349206349,0.05555555555555555,1
2023,Hungarian Grand Prix,TSU,AlphaTauri,17.0,17.0,69,70,0.9857142857142858,0,0.16666666666666666,0.14516129032258066,0.05405405405405406,1
2023,Hungarian Grand Prix,VER,Red Bull Racing,2.0,2.0,70,70,1.0,0,0.03225806451612903,0.047619047619047616,0.05263157894736842,1
2023,Hungarian Grand Prix,ZHO,Alfa Romeo,5.0,5.0,69,70,0.9857142857142858,0,0.22580645161290322,0.19047619047619047,0.05128205128205128,1
2023,Italian Grand Prix,ALB,Williams,6.0,6.0,51,51,1.0,0,0.16129032258064516,0.171875,0.2,1
2023,Italian Grand Prix,ALO,Aston Martin,10.0,10.0,51,51,1.0,0,0.15625,0.0625,0.19047619047619047,1
2023,Italian Grand Prix,BOT,Alfa Romeo,14.0,14.0,51,51,1.0,0,0.15625,0.1875,0.18181818181818182,1
2023,Italian Grand Prix,GAS,Alpine,17.0,17.0,51,51,1.0,0,0.15625,0.1875,0.17391304347826086,1
2023,Italian Grand Prix,HAM,Mercedes,8.0,8.0,51,51,1.0,0,0.03125,0.0625,0.16666666666666666,1
2023,Italian Grand Prix,HUL,Haas F1 Team,13.0,13.0,51,51,1.0,0,0.08333333333333333,0.12698412698412698,0.16,1
2023,Italian Grand Prix,LAW,AlphaTauri,12.0,12.0,51,51,1.0,0,0.0,0.14285714285714285,0.15384615384615385,1
2023,Italian Grand Prix,LEC,Ferrari,3.0,3.0,51,51,1.0,0,0.1875,0.203125,0.14814814814814814,1
2023,Italian Grand Prix,MAG,Haas F1 Team,19.0,19.0,51,51,1.0,0,0.15625,0.125,0.14285714285714285,1
2023,Italian Grand Prix,NOR,McLaren,9.0,9.0,51,51,1.0,0,0.0625,0.109375,0.13793103448275862,1
2023,Italian Grand Prix,OCO,Alpine,18.0,18.0,39,51,0.7647058823529411,1,0.15625,0.18461538461538463,0.13333333333333333,1
2023,Italian Grand Prix,PER,Red Bull Racing,5.0,5.0,51,51,1.0,0,0.0625,0.046875,0.16129032258064516,1
2023,Italian Grand Prix,PIA,McLaren,7.0,7.0,51,51,1.0,0,0.2,0.1076923076923077,0.15625,1
2023,Italian Grand Prix,RUS,Mercedes,4.0,4.0,51,51,1.0,0,0.09375,0.06153846153846154,0.15151515151515152,1
2023,Italian Grand Prix,SAI,Ferrari,1.0,1.0,51,51,1.0,0,0.21875,0.2,0.14705882352941177,1
2023,Italian Grand Prix,SAR,Williams,15.0,15.0,51,51,1.0,0,0.2,0.16923076923076924,0.14285714285714285,1
2023,Italian Grand Prix,STR,Aston Martin,20.0,20.0,51,51,1.0,0,0.0625,0.06153846153846154,0.1388888888888889,1
2023,Italian Grand Prix,TSU,AlphaTauri,11.0,11.0,1,51,0.0196078431372549,1,0.16129032258064516,0.140625,0.13513513513513514,1
2023,Italian Grand Prix,VER,Red Bull Racing,2.0,2.0,51,51,1.0,0,0.03125,0.046153846153846156,0.15789473684210525,1
2023,Italian Grand Prix,ZHO,Alfa Romeo,16.0,16.0,51,51,1.0,0,0.21875,0.18461538461538463,0.15384615384615385,1
2023,Japanese Grand Prix,ALB,Williams,13.0,13.0,26,53,0.49056603773584906,1,0.15625,0.16666666666666666,0.1,1
2023,Japanese Grand Prix,ALO,Aston Martin,10.0,10.0,53,53,1.0,0,0.15151515151515152,0.06060606060606061,0.14285714285714285,1
2023,Japanese Grand Prix,BOT,Alfa Romeo,16.0,16.0,7,53,0.1320754716981132,1,0.15151515151515152,0.18181818181818182,0.13636363636363635,1
2023,Japanese Grand Prix,GAS,Alpine,12.0,12.0,53,53,1.0,0,0.15151515151515152,0.19696969696969696,0.17391304347826086,1
2023,Japanese Grand Prix,HAM,Mercedes,7.0,7.0,53,53,1.0,0,0.030303030303030304,0.06060606060606061,0.16666666666666666,1
2023,Japanese Grand Prix,HUL,Haas F1 Team,18.0,18.0,52,53,0.9811320754716981,0,0.07692307692307693,0.12307692307692308,0.16,1
2023,Japanese Grand Prix,LAW,AlphaTauri,11.0,11.0,52,53,0.9811320754716981,0,0.0,0.15384615384615385,0.15384615384615385,1
2023,Japanese Grand Prix,LEC,Ferrari,4.0,4.0,53,53,1.0,0,0.18181818181818182,0.19696969696969696,0.14814814814814814,1
2023,Japanese Grand Prix,MAG,Haas F1 Team,15.0,15.0,52,53,0.9811320754716981,0,0.15151515151515152,0.12121212121212122,0.14285714285714285,1
2023,Japanese Grand Prix,NOR,McLaren,3.0,3.0,53,53,1.0,0,0.06060606060606061,0.10606060606060606,0.13793103448275862,1
2023,Japanese Grand Prix,OCO,Alpine,14.0,14.0,53,53,1.0,0,0.18181818181818182,0.19402985074626866,0.13333333333333333,1
2023,Japanese Grand Prix,PER,Red Bull Racing,5.0,5.0,15,53,0.2830188679245283,1,0.06060606060606061,0.045454545454545456,0.12903225806451613,1
2023,Japanese Grand Prix,PIA,McLaren,2.0,2.0,53,53,1.0,0,0.18181818181818182,0.1044776119402985,0.15625,1
2023,Japanese Grand Prix,RUS,Mercedes,8.0,8.0,53,53,1.0,0,0.09090909090909091,0.05970149253731343,0.15151515151515152,1
2023,Japanese Grand Prix,SAI,Ferrari,6.0,6.0,53,53,1.0,0,0.21212121212121213,0.19402985074626866,0.14705882352941177,1
2023,Japanese Grand Prix,SAR,Williams,20.0,20.0,22,53,0.41509433962264153,1,0.18181818181818182,0.1791044776119403,0.14285714285714285,1
2023,Japanese Grand Prix,STR,Aston Martin,17.0,17.0,20,53,0.37735849056603776,1,0.06060606060606061,0.05970149253731343,0.16666666666666666,1
2023,Japanese Grand Prix,TSU,AlphaTauri,9.0,9.0,52,53,0.9811320754716981,0,0.1875,0.15151515151515152,0.1891891891891892,1
2023,Japanese Grand Prix,VER,Red Bull Racing,1.0,1.0,53,53,1.0,0,0.030303030303030304,0.05970149253731343,0.18421052631578946,1
2023,Japanese Grand Prix,ZHO,Alfa Romeo,19.0,19.0,52,53,0.9811320754716981,0,0.21212121212121213,0.19402985074626866,0.1794871794871795,1
2023,Las Vegas Grand Prix,ALB,Williams,6.0,6.0,50,50,1.0,0,0.18181818181818182,0.19117647058823528,,1
2023,Las Vegas Grand Prix,ALO,Aston Martin,10.0,10.0,50,50,1.0,0,0.14705882352941177,0.07352941176470588,0.0,1
2023,Las Vegas Grand Prix,BOT,Alfa Romeo,8.0,8.0,50,50,1.0,0,0.17647058823529413,0.19117647058823528,0.0,1
2023,Las Vegas Grand Prix,GAS,Alpine,5.0,5.0,50,50,1.0,0,0.14705882352941177,0.19117647058823528,0.0,1
2023,Las Vegas Grand Prix,HAM,Mercedes,11.0,11.0,50,50,1.0,0,0.029411764705882353,0.058823529411764705,0.0,1
2023,Las Vegas Grand Prix,HUL,Haas F1 Team,13.0,13.0,46,50,0.92,0,0.07142857142857142,0.11940298507462686,0.0,1
2023,Las Vegas Grand Prix,LEC,Ferrari,1.0,1.0,50,50,1.0,0,0.17647058823529413,0.19117647058823528,0.0,1
2023,Las Vegas Grand Prix,MAG,Haas F1 Team,9.0,9.0,50,50,1.0,0,0.14705882352941177,0.11764705882352941,0.0,1
2023,Las Vegas Grand Prix,NOR,McLaren,16.0,16.0,3,50,0.06,1,0.058823529411764705,0.10294117647058823,0.0,1
2023,Las Vegas Grand Prix,OCO,Alpine,17.0,17.0,50,50,1.0,0,0.17647058823529413,0.18840579710144928,0.1111111111111111,1
2023,Las Vegas Grand Prix,PER,Red Bull Racing,12.0,12.0,50,50,1.0,0,0.08823529411764706,0.058823529411764705,0.1,1
2023,Las Vegas Grand Prix,PIA,McLaren,19.0,19.0,50,50,1.0,0,0.16666666666666666,0.11594202898550725,0.09090909090909091,1
2023,Las Vegas Grand Prix,RIC,AlphaTauri,15.0,15.0,50,50,1.0,0,0.12,0.14925373134328357,0.08333333333333333,1
2023,Las Vegas Grand Prix,RUS,Mercedes,4.0,4.0,50,50,1.0,0,0.08823529411764706,0.057971014492753624,0.07692307692307693,1
2023,Las Vegas Grand Prix,SAI,Ferrari,2.0,2.0,50,50,1.0,0,0.20588235294117646,0.18840579710144928,0.07142857142857142,1
2023,Las Vegas Grand Prix,SAR,Williams,7.0,7.0,50,50,1.0,0,0.25,0.18840579710144928,0.06666666666666667,1
2023,Las Vegas Grand Prix,STR,Aston Martin,14.0,14.0,50,50,1.0,0,0.08823529411764706,0.07246376811594203,0.0625,1
2023,Las Vegas Grand Prix,TSU,AlphaTauri,20.0,20.0,47,50,0.94,0,0.18181818181818182,0.14705882352941177,0.058823529411764705,1
2023,Las Vegas Grand Prix,VER,Red Bull Racing,3.0,3.0,50,50,1.0,0,0.029411764705882353,0.057971014492753624,0.05555555555555555,1
2023,Las Vegas Grand Prix,ZHO,Alfa Romeo,18.0,18.0,50,50,1.0,0,0.20588235294117646,0.18840579710144928,0.05263157894736842,1
2023,Mexico City Grand Prix,ALB,Williams,14.0,14.0,71,71,1.0,0,0.17647058823529413,0.18571428571428572,0.05,1
2023,Mexico City Grand Prix,ALO,Aston Martin,13.0,13.0,47,71,0.6619718309859155,1,0.14285714285714285,0.07142857142857142,0.047619047619047616,1
2023,Mexico City Grand Prix,BOT,Alfa Romeo,9.0,9.0,71,71,1.0,0,0.17142857142857143,0.18571428571428572,0.09090909090909091,1
2023,Mexico City Grand Prix,GAS,Alpine,11.0,11.0,71,71,1.0,0,0.14285714285714285,0.18571428571428572,0.08695652173913043,1
2023,Mexico City Grand Prix,HAM,Mercedes,6.0,6.0,71,71,1.0,0,0.02857142857142857,0.05714285714285714,0.08333333333333333,1
2023,Mexico City Grand Prix,HUL,Haas F1 Team,12.0,12.0,71,71,1.0,0,0.06666666666666667,0.11594202898550725,0.08,1
2023,Mexico City Grand Prix,LEC,Ferrari,1.0,1.0,71,71,1.0,0,0.17142857142857143,0.18571428571428572,0.07692307692307693,1
2023,Mexico City Grand Prix,MAG,Haas F1 Team,17.0,17.0,32,71,0.4507042253521127,1,0.14285714285714285,0.11428571428571428,0.07407407407407407,1
2023,Mexico City Grand Prix,NOR,McLaren,19.0,19.0,71,71,1.0,0,0.08571428571428572,0.11428571428571428,0.10714285714285714,1
2023,Mexico City Grand Prix,OCO,Alpine,16.0,16.0,71,71,1.0,0,0.17142857142857143,0.18309859154929578,0.10344827586206896,1
2023,Mexico City Grand Prix,PER,Red Bull Racing,5.0,5.0,1,71,0.014084507042253521,1,0.08571428571428572,0.05714285714285714,0.1,1
2023,Mexico City Grand Prix,PIA,McLaren,7.0,7.0,71,71,1.0,0,0.15384615384615385,0.11267605633802817,0.12903225806451613,1
2023,Mexico City Grand Prix,RIC,AlphaTauri,4.0,4.0,71,71,1.0,0,0.11538461538461539,0.14492753623188406,0.125,1
2023,Mexico City Grand Prix,RUS,Mercedes,8.0,8.0,71,71,1.0,0,0.08571428571428572,0.056338028169014086,0.12121212121212122,1
2023,Mexico City Grand Prix,SAI,Ferrari,2.0,2.0,71,71,1.0,0,0.2,0.18309859154929578,0.11764705882352941,1
2023,Mexico City Grand Prix,SAR,Williams,20.0,20.0,71,71,1.0,0,0.23076923076923078,0.18309859154929578,0.11428571428571428,1
2023,Mexico City Grand Prix,STR,Aston Martin,18.0,18.0,66,71,0.9295774647887324,0,0.08571428571428572,0.08450704225352113,0.1111111111111111,1
2023,Mexico City Grand Prix,TSU,AlphaTauri,15.0,15.0,71,71,1.0,0,0.17647058823529413,0.14285714285714285,0.10810810810810811,1
2023,Mexico City Grand Prix,VER,Red Bull Racing,3.0,3.0,71,71,1.0,0,0.02857142857142857,0.07042253521126761,0.10526315789473684,1
2023,Mexico City Grand Prix,ZHO,Alfa Romeo,10.0,10.0,71,71,1.0,0,0.2,0.18309859154929578,0.10256410256410256,1
2023,Miami Grand Prix,ALB,Williams,11.0,11.0,57,57,1.0,0,0.17142857142857143,0.18055555555555555,0.15,1
2023,Miami Grand Prix,ALO,Aston Martin,2.0,2.0,57,57,1.0,0,0.16666666666666666,0.08333333333333333,0.14285714285714285,1
2023,Miami Grand Prix,BOT,Alfa Romeo,10.0,10.0,57,57,1.0,0,0.16666666666666666,0.18055555555555555,0.13636363636363635,1
2023,Miami Grand Prix,DEV,AlphaTauri,15.0,15.0,57,57,1.0,0,0.14285714285714285,0.14084507042253522,0.13043478260869565,1
2023,Miami Grand Prix,GAS,Alpine,5.0,5.0,57,57,1.0,0,0.1388888888888889,0.18055555555555555,0.125,1
2023,Miami Grand Prix,HAM,Mercedes,13.0,13.0,57,57,1.0,0,0.027777777777777776,0.05555555555555555,0.12,1
2023,Miami Grand Prix,HUL,Haas F1 Team,12.0,12.0,57,57,1.0,0,0.0625,0.1267605633802817,0.11538461538461539,1
2023,Miami Grand Prix,LEC,Ferrari,7.0,7.0,57,57,1.0,0,0.16666666666666666,0.18055555555555555,0.1111111111111111,1
2023,Miami Grand Prix,MAG,Haas F1 Team,4.0,4.0,57,57,1.0,0,0.16666666666666666,0.125,0.10714285714285714,1
2023,Miami Grand Prix,NOR,McLaren,16.0,16.0,57,57,1.0,0,0.08333333333333333,0.1111111111111111,0.10344827586206896,1
2023,Miami Grand Prix,OCO,Alpine,8.0,8.0,57,57,1.0,0,0.16666666666666666,0.1780821917808219,0.1,1
2023,Miami Grand Prix,PER,Red Bull Racing,1.0,1.0,57,57,1.0,0,0.1111111111111111,0.06944444444444445,0.0967741935483871,1
2023,Miami Grand Prix,PIA,McLaren,19.0,19.0,56,57,0.9824561403508771,0,0.14285714285714285,0.1095890410958904,0.09375,1
2023,Miami Grand Prix,RUS,Mercedes,6.0,6.0,57,57,1.0,0,0.08333333333333333,0.0547945205479452,0.09090909090909091,1
2023,Miami Grand Prix,SAI,Ferrari,3.0,3.0,57,57,1.0,0,0.19444444444444445,0.1780821917808219,0.08823529411764706,1
2023,Miami Grand Prix,SAR,Williams,20.0,20.0,56,57,0.9824561403508771,0,0.21428571428571427,0.1780821917808219,0.08571428571428572,1
2023,Miami Grand Prix,STR,Aston Martin,18.0,18.0,57,57,1.0,0,0.08333333333333333,0.0821917808219178,0.08333333333333333,1
2023,Miami Grand Prix,TSU,AlphaTauri,17.0,17.0,57,57,1.0,0,0.17142857142857143,0.1388888888888889,0.08108108108108109,1
2023,Miami Grand Prix,VER,Red Bull Racing,9.0,9.0,57,57,1.0,0,0.027777777777777776,0.0684931506849315,0.07894736842105263,1
2023,Miami Grand Prix,ZHO,Alfa Romeo,14.0,14.0,57,57,1.0,0,0.19444444444444445,0.1780821917808219,0.07692307692307693,1
2023,Monaco Grand Prix,ALB,Williams,13.0,13.0,77,78,0.9871794871794872,0,0.16666666666666666,0.17567567567567569,0.15,1
2023,Monaco Grand Prix,ALO,Aston Martin,2.0,2.0,78,78,1.0,0,0.16216216216216217,0.08108108108108109,0.14285714285714285,1
2023,Monaco Grand Prix,BOT,Alfa Romeo,15.0,15.0,77,78,0.9871794871794872,0,0.16216216216216217,0.17567567567567569,0.13636363636363635,1
2023,Monaco Grand Prix,DEV,AlphaTauri,12.0,12.0,77,78,0.9871794871794872,0,0.125,0.136986301369863,0.13043478260869565,1
2023,Monaco Grand Prix,GAS,Alpine,7.0,7.0,78,78,1.0,0,0.13513513513513514,0.17567567567567569,0.125,1
2023,Monaco Grand Prix,HAM,Mercedes,6.0,6.0,78,78,1.0,0,0.02702702702702703,0.05405405405405406,0.12,1
2023,Monaco Grand Prix,HUL,Haas F1 Team,18.0,18.0,76,78,0.9743589743589743,0,0.058823529411764705,0.1232876712328767,0.11538461538461539,1
2023,Monaco Grand Prix,LEC,Ferrari,3.0,3.0,78,78,1.0,0,0.16216216216216217,0.17567567567567569,0.1111111111111111,1
2023,Monaco Grand Prix,MAG,Haas F1 Team,17.0,17.0,71,78,0.9102564102564102,0,0.16216216216216217,0.12162162162162163,0.10714285714285714,1
2023,Monaco Grand Prix,NOR,McLaren,10.0,10.0,77,78,0.9871794871794872,0,0.08108108108108109,0.10810810810810811,0.10344827586206896,1
2023,Monaco Grand Prix,OCO,Alpine,4.0,4.0,78,78,1.0,0,0.16216216216216217,0.17333333333333334,0.1,1
2023,Monaco Grand Prix,PER,Red Bull Racing,20.0,20.0,76,78,0.9743589743589743,0,0.10810810810810811,0.06756756756756757,0.0967741935483871,1
2023,Monaco Grand Prix,PIA,McLaren,11.0,11.0,77,78,0.9871794871794872,0,0.13333333333333333,0.10666666666666667,0.09375,1
2023,Monaco Grand Prix,RUS,Mercedes,8.0,8.0,78,78,1.0,0,0.08108108108108109,0.05333333333333334,0.09090909090909091,1
2023,Monaco Grand Prix,SAI,Ferrari,5.0,5.0,78,78,1.0,0,0.1891891891891892,0.17333333333333334,0.08823529411764706,1
2023,Monaco Grand Prix,SAR,Williams,16.0,16.0,76,78,0.9743589743589743,0,0.2,0.17333333333333334,0.08571428571428572,1
2023,Monaco Grand Prix,STR,Aston Martin,14.0,14.0,54,78,0.6923076923076923,1,0.08108108108108109,0.08,0.08333333333333333,1
2023,Monaco Grand Prix,TSU,AlphaTauri,9.0,9.0,76,78,0.9743589743589743,0,0.16666666666666666,0.13513513513513514,0.10810810810810811,1
2023,Monaco Grand Prix,VER,Red Bull Racing,1.0,1.0,78,78,1.0,0,0.02702702702702703,0.06666666666666667,0.10526315789473684,1
2023,Monaco Grand Prix,ZHO,Alfa Romeo,19.0,19.0,77,78,0.9871794871794872,0,0.1891891891891892,0.17333333333333334,0.10256410256410256,1
2023,Qatar Grand Prix,ALB,Williams,14.0,14.0,57,57,1.0,0,0.16216216216216217,0.17105263157894737,,1
2023,Qatar Grand Prix,ALO,Aston Martin,4.0,4.0,57,57,1.0,0,0.15789473684210525,0.09210526315789473,0.0,1
2023,Qatar Grand Prix,BOT,Alfa Romeo,9.0,9.0,57,57,1.0,0,0.15789473684210525,0.17105263157894737,0.0,1
2023,Qatar Grand Prix,GAS,Alpine,7.0,7.0,57,57,1.0,0,0.13157894736842105,0.17105263157894737,0.0,1
2023,Qatar Grand Prix,HAM,Mercedes,3.0,3.0,1,57,0.017543859649122806,1,0.02631578947368421,0.05263157894736842,0.0,1
2023,Qatar Grand Prix,HUL,Haas F1 Team,15.0,15.0,56,57,0.9824561403508771,0,0.05555555555555555,0.12,0.2,1
2023,Qatar Grand Prix,LAW,AlphaTauri,18.0,18.0,56,57,0.9824561403508771,0,0.0,0.13333333333333333,0.16666666666666666,1
2023,Qatar Grand Prix,LEC,Ferrari,5.0,5.0,57,57,1.0,0,0.15789473684210525,0.17105263157894737,0.14285714285714285,1
2023,Qatar Grand Prix,MAG,Haas F1 Team,19.0,19.0,56,57,0.9824561403508771,0,0.15789473684210525,0.11842105263157894,0.125,1
2023,Qatar Grand Prix,NOR,McLaren,10.0,10.0,57,57,1.0,0,0.07894736842105263,0.10526315789473684,0.1111111111111111,1
2023,Qatar Grand Prix,OCO,Alpine,8.0,8.0,57,57,1.0,0,0.15789473684210525,0.16883116883116883,0.1,1
2023,Qatar Grand Prix,PER,Red Bull Racing,13.0,13.0,57,57,1.0,0,0.10526315789473684,0.06578947368421052,0.09090909090909091,1
2023,Qatar Grand Prix,PIA,McLaren,6.0,6.0,57,57,1.0,0,0.125,0.1038961038961039,0.08333333333333333,1
2023,Qatar Grand Prix,RUS,Mercedes,2.0,2.0,57,57,1.0,0,0.07894736842105263,0.06493506493506493,0.07692307692307693,1
2023,Qatar Grand Prix,SAR,Williams,16.0,16.0,40,57,0.7017543859649122,1,0.1875,0.16883116883116883,0.07142857142857142,1
2023,Qatar Grand Prix,STR,Aston Martin,17.0,17.0,57,57,1.0,0,0.10526315789473684,0.09090909090909091,0.13333333333333333,1
2023,Qatar Grand Prix,TSU,AlphaTauri,11.0,11.0,56,57,0.9824561403508771,0,0.16216216216216217,0.13157894736842105,0.125,1
2023,Qatar Grand Prix,VER,Red Bull Racing,1.0,1.0,57,57,1.0,0,0.02631578947368421,0.06493506493506493,0.11764705882352941,1
2023,Qatar Grand Prix,ZHO,Alfa Romeo,20.0,20.0,57,57,1.0,0,0.18421052631578946,0.16883116883116883,0.1111111111111111,1
2023,Saudi Arabian Grand Prix,ALB,Williams,17.0,17.0,27,50,0.54,1,0.15789473684210525,0.1794871794871795,0.2222222222222222,1
2023,Saudi Arabian Grand Prix,ALO,Aston Martin,3.0,3.0,50,50,1.0,0,0.15384615384615385,0.08974358974358974,0.2631578947368421,1
2023,Saudi Arabian Grand Prix,BOT,Alfa Romeo,14.0,14.0,49,50,0.98,0,0.15384615384615385,0.16666666666666666,0.25,1
2023,Saudi Arabian Grand Prix,DEV,AlphaTauri,18.0,18.0,50,50,1.0,0,0.1111111111111111,0.12987012987012986,0.23809523809523808,1
2023,Saudi Arabian Grand Prix,GAS,Alpine,10.0,10.0,50,50,1.0,0,0.1282051282051282,0.16666666666666666,0.22727272727272727,1
2023,Saudi Arabian Grand Prix,HAM,Mercedes,8.0,8.0,50,50,1.0,0,0.05128205128205128,0.0641025641025641,0.21739130434782608,1
2023,Saudi Arabian Grand Prix,HUL,Haas F1 Team,11.0,11.0,50,50,1.0,0,0.05263157894736842,0.11688311688311688,0.20833333333333334,1
2023,Saudi Arabian Grand Prix,LEC,Ferrari,2.0,2.0,50,50,1.0,0,0.15384615384615385,0.16883116883116883,0.2,1
2023,Saudi Arabian Grand Prix,MAG,Haas F1 Team,13.0,13.0,50,50,1.0,0,0.15384615384615385,0.11538461538461539,0.19230769230769232,1
2023,Saudi Arabian Grand Prix,NOR,McLaren,19.0,19.0,50,50,1.0,0,0.07692307692307693,0.10256410256410256,0.18518518518518517,1
2023,Saudi Arabian Grand Prix,OCO,Alpine,7.0,7.0,50,50,1.0,0,0.15384615384615385,0.16455696202531644,0.17857142857142858,1
2023,Saudi Arabian Grand Prix,PER,Red Bull Racing,1.0,1.0,50,50,1.0,0,0.10256410256410256,0.0641025641025641,0.1724137931034483,1
2023,Saudi Arabian Grand Prix,PIA,McLaren,9.0,9.0,50,50,1.0,0,0.11764705882352941,0.10126582278481013,0.16666666666666666,1
2023,Saudi Arabian Grand Prix,RUS,Mercedes,4.0,4.0,50,50,1.0,0,0.07692307692307693,0.06329113924050633,0.16129032258064516,1
2023,Saudi Arabian Grand Prix,SAI,Ferrari,5.0,5.0,50,50,1.0,0,0.18421052631578946,0.16666666666666666,0.15625,1
2023,Saudi Arabian Grand Prix,SAR,Williams,20.0,20.0,50,50,1.0,0,0.23529411764705882,0.189873417721519,0.15151515151515152,1
2023,Saudi Arabian Grand Prix,STR,Aston Martin,6.0,6.0,17,50,0.34,1,0.10256410256410256,0.08860759493670886,0.14705882352941177,1
2023,Saudi Arabian Grand Prix,TSU,AlphaTauri,16.0,16.0,50,50,1.0,0,0.15789473684210525,0.1282051282051282,0.17142857142857143,1
2023,Saudi Arabian Grand Prix,VER,Red Bull Racing,15.0,15.0,50,50,1.0,0,0.02564102564102564,0.06329113924050633,0.16666666666666666,1
2023,Saudi Arabian Grand Prix,ZHO,Alfa Romeo,12.0,12.0,50,50,1.0,0,0.1794871794871795,0.16455696202531644,0.16216216216216217,1
2023,Singapore Grand Prix,ALB,Williams,14.0,14.0,62,62,1.0,0,0.1794871794871795,0.1875,0.3,1
2023,Singapore Grand Prix,ALO,Aston Martin,7.0,7.0,62,62,1.0,0,0.15,0.1,0.2857142857142857,1
2023,Singapore Grand Prix,BOT,Alfa Romeo,16.0,16.0,52,62,0.8387096774193549,1,0.15,0.1625,0.2727272727272727,1
2023,Singapore Grand Prix,GAS,Alpine,12.0,12.0,62,62,1.0,0,0.125,0.1625,0.30434782608695654,1
2023,Singapore Grand Prix,HAM,Mercedes,5.0,5.0,62,62,1.0,0,0.05,0.0625,0.2916666666666667,1
2023,Singapore Grand Prix,HUL,Haas F1 Team,9.0,9.0,62,62,1.0,0,0.05,0.11392405063291139,0.28,1
2023,Singapore Grand Prix,LAW,AlphaTauri,10.0,10.0,62,62,1.0,0,0.0,0.12658227848101267,0.2692307692307692,1
2023,Singapore Grand Prix,LEC,Ferrari,3.0,3.0,62,62,1.0,0,0.15,0.16455696202531644,0.25925925925925924,1
2023,Singapore Grand Prix,MAG,Haas F1 Team,6.0,6.0,62,62,1.0,0,0.15,0.1125,0.25,1
2023,Singapore Grand Prix,NOR,McLaren,4.0,4.0,62,62,1.0,0,0.075,0.1,0.2413793103448276,1
2023,Singapore Grand Prix,OCO,Alpine,8.0,8.0,43,62,0.6935483870967742,1,0.15,0.16049382716049382,0.23333333333333334,1
2023,Singapore Grand Prix,PER,Red Bull Racing,13.0,13.0,62,62,1.0,0,0.1,0.0625,0.25806451612903225,1
2023,Singapore Grand Prix,PIA,McLaren,17.0,17.0,62,62,1.0,0,0.1111111111111111,0.09876543209876543,0.25,1
2023,Singapore Grand Prix,RUS,Mercedes,2.0,2.0,62,62,1.0,0,0.075,0.06172839506172839,0.24242424242424243,1
2023,Singapore Grand Prix,SAI,Ferrari,1.0,1.0,62,62,1.0,0,0.1794871794871795,0.1625,0.23529411764705882,1
2023,Singapore Grand Prix,SAR,Williams,18.0,18.0,62,62,1.0,0,0.2222222222222222,0.18518518518518517,0.22857142857142856,1
2023,Singapore Grand Prix,TSU,AlphaTauri,15.0,15.0,1,62,0.016129032258064516,1,0.15384615384615385,0.125,0.2222222222222222,1
2023,Singapore Grand Prix,VER,Red Bull Racing,11.0,11.0,62,62,1.0,0,0.025,0.06172839506172839,0.24324324324324326,1
2023,Singapore Grand Prix,ZHO,Alfa Romeo,19.0,19.0,62,62,1.0,0,0.175,0.1728395061728395,0.23684210526315788,1
2023,Spanish Grand Prix,ALB,Williams,18.0,18.0,65,66,0.9848484848484849,0,0.175,0.18292682926829268,0.1,1
2023,Spanish Grand Prix,ALO,Aston Martin,9.0,9.0,66,66,1.0,0,0.14634146341463414,0.09876543209876543,0.09523809523809523,1
2023,Spanish Grand Prix,BOT,Alfa Romeo,16.0,16.0,65,66,0.9848484848484849,0,0.17073170731707318,0.17073170731707318,0.09090909090909091,1
2023,Spanish Grand Prix,DEV,AlphaTauri,14.0,14.0,65,66,0.9848484848484849,0,0.1,0.13580246913580246,0.08695652173913043,1
2023,Spanish Grand Prix,GAS,Alpine,4.0,4.0,66,66,1.0,0,0.12195121951219512,0.17073170731707318,0.08333333333333333,1
2023,Spanish Grand Prix,HAM,Mercedes,5.0,5.0,66,66,1.0,0,0.04878048780487805,0.06097560975609756,0.08,1
2023,Spanish Grand Prix,HUL,Haas F1 Team,8.0,8.0,65,66,0.9848484848484849,0,0.047619047619047616,0.1111111111111111,0.07692307692307693,1
2023,Spanish Grand Prix,LEC,Ferrari,19.0,19.0,66,66,1.0,0,0.14634146341463414,0.16049382716049382,0.07407407407407407,1
2023,Spanish Grand Prix,MAG,Haas F1 Team,17.0,17.0,65,66,0.9848484848484849,0,0.14634146341463414,0.10975609756097561,0.07142857142857142,1
2023,Spanish Grand Prix,NOR,McLaren,3.0,3.0,65,66,0.9848484848484849,0,0.07317073170731707,0.0975609756097561,0.06896551724137931,1
2023,Spanish Grand Prix,OCO,Alpine,7.0,7.0,66,66,1.0,0,0.17073170731707318,0.1686746987951807,0.06666666666666667,1
2023,Spanish Grand Prix,PER,Red Bull Racing,11.0,11.0,66,66,1.0,0,0.0975609756097561,0.06097560975609756,0.06451612903225806,1
2023,Spanish Grand Prix,PIA,McLaren,10.0,10.0,65,66,0.9848484848484849,0,0.10526315789473684,0.0963855421686747,0.0625,1
2023,Spanish Grand Prix,RUS,Mercedes,12.0,12.0,66,66,1.0,0,0.07317073170731707,0.060240963855421686,0.06060606060606061,1
2023,Spanish Grand Prix,SAI,Ferrari,2.0,2.0,66,66,1.0,0,0.175,0.15853658536585366,0.058823529411764705,1
2023,Spanish Grand Prix,SAR,Williams,20.0,20.0,65,66,0.9848484848484849,0,0.21052631578947367,0.18072289156626506,0.05714285714285714,1
2023,Spanish Grand Prix,STR,Aston Martin,6.0,6.0,66,66,1.0,0,0.125,0.0975609756097561,0.05555555555555555,1
2023,Spanish Grand Prix,TSU,AlphaTauri,15.0,15.0,66,66,1.0,0,0.175,0.13414634146341464,0.05405405405405406,1
2023,Spanish Grand Prix,VER,Red Bull Racing,1.0,1.0,66,66,1.0,0,0.024390243902439025,0.060240963855421686,0.05263157894736842,1
2023,Spanish Grand Prix,ZHO,Alfa Romeo,13.0,13.0,66,66,1.0,0,0.17073170731707318,0.1686746987951807,0.05128205128205128,1
2023,São Paulo Grand Prix,ALB,Williams,15.0,15.0,1,71,0.014084507042253521,1,0.17073170731707318,0.17857142857142858,0.15,1
2023,São Paulo Grand Prix,ALO,Aston Martin,4.0,4.0,71,71,1.0,0,0.14285714285714285,0.0963855421686747,0.19047619047619047,1
2023,São Paulo Grand Prix,BOT,Alfa Romeo,18.0,18.0,39,71,0.5492957746478874,1,0.16666666666666666,0.16666666666666666,0.18181818181818182,1
2023,São Paulo Grand Prix,GAS,Alpine,13.0,13.0,71,71,1.0,0,0.11904761904761904,0.16666666666666666,0.21739130434782608,1
2023,São Paulo Grand Prix,HAM,Mercedes,5.0,5.0,71,71,1.0,0,0.047619047619047616,0.05952380952380952,0.20833333333333334,1
2023,São Paulo Grand Prix,HUL,Haas F1 Team,11.0,11.0,70,71,0.9859154929577465,0,0.045454545454545456,0.10843373493975904,0.2,1
2023,São Paulo Grand Prix,LEC,Ferrari,2.0,2.0,1,71,0.014084507042253521,1,0.14285714285714285,0.1566265060240964,0.19230769230769232,1
2023,São Paulo Grand Prix,MAG,Haas F1 Team,14.0,14.0,1,71,0.014084507042253521,1,0.14285714285714285,0.10714285714285714,0.2222222222222222,1
2023,São Paulo Grand Prix,NOR,McLaren,7.0,7.0,71,71,1.0,0,0.07142857142857142,0.09523809523809523,0.25,1
2023,São Paulo Grand Prix,OCO,Alpine,12.0,12.0,70,71,0.9859154929577465,0,0.16666666666666666,0.16470588235294117,0.2413793103448276,1
2023,São Paulo Grand Prix,PER,Red Bull Racing,9.0,9.0,71,71,1.0,0,0.09523809523809523,0.05952380952380952,0.23333333333333334,1
2023,São Paulo Grand Prix,PIA,McLaren,10.0,10.0,69,71,0.971830985915493,0,0.1,0.09411764705882353,0.22580645161290322,1
2023,São Paulo Grand Prix,RIC,AlphaTauri,17.0,17.0,70,71,0.9859154929577465,0,0.1111111111111111,0.13253012048192772,0.21875,1
2023,São Paulo Grand Prix,RUS,Mercedes,6.0,6.0,57,71,0.8028169014084507,1,0.07142857142857142,0.058823529411764705,0.21212121212121213,1
2023,São Paulo Grand Prix,SAI,Ferrari,8.0,8.0,71,71,1.0,0,0.17073170731707318,0.16666666666666666,0.23529411764705882,1
2023,São Paulo Grand Prix,SAR,Williams,19.0,19.0,70,71,0.9859154929577465,0,0.2,0.18823529411764706,0.22857142857142856,1
2023,São Paulo Grand Prix,STR,Aston Martin,3.0,3.0,71,71,1.0,0,0.12195121951219512,0.09523809523809523,0.2222222222222222,1
2023,São Paulo Grand Prix,TSU,AlphaTauri,16.0,16.0,71,71,1.0,0,0.17073170731707318,0.13095238095238096,0.21621621621621623,1
2023,São Paulo Grand Prix,VER,Red Bull Racing,1.0,1.0,71,71,1.0,0,0.023809523809523808,0.058823529411764705,0.21052631578947367,1
2023,São Paulo Grand Prix,ZHO,Alfa Romeo,20.0,20.0,22,71,0.30985915492957744,1,0.16666666666666666,0.17647058823529413,0.20512820512820512,1
2023,United States Grand Prix,ALB,Williams,18.0,18.0,56,56,1.0,0,0.19047619047619047,0.18604651162790697,0.15,1
2023,United States Grand Prix,ALO,Aston Martin,17.0,17.0,49,56,0.875,1,0.13953488372093023,0.09411764705882353,0.14285714285714285,1
2023,United States Grand Prix,BOT,Alfa Romeo,13.0,13.0,56,56,1.0,0,0.18604651162790697,0.18604651162790697,0.18181818181818182,1
2023,United States Grand Prix,GAS,Alpine,7.0,7.0,56,56,1.0,0,0.11627906976744186,0.16279069767441862,0.17391304347826086,1
2023,United States Grand Prix,HAM,Mercedes,3.0,3.0,56,56,1.0,0,0.046511627906976744,0.06976744186046512,0.16666666666666666,1
2023,United States Grand Prix,HUL,Haas F1 Team,16.0,16.0,56,56,1.0,0,0.043478260869565216,0.11764705882352941,0.16,1
2023,United States Grand Prix,LEC,Ferrari,1.0,1.0,56,56,1.0,0,0.16279069767441862,0.16470588235294117,0.15384615384615385,1
2023,United States Grand Prix,MAG,Haas F1 Team,14.0,14.0,55,56,0.9821428571428571,0,0.16279069767441862,0.11627906976744186,0.14814814814814814,1
2023,United States Grand Prix,NOR,McLaren,2.0,2.0,56,56,1.0,0,0.06976744186046512,0.09302325581395349,0.14285714285714285,1
2023,United States Grand Prix,OCO,Alpine,8.0,8.0,6,56,0.10714285714285714,1,0.16279069767441862,0.16091954022988506,0.13793103448275862,1
2023,United States Grand Prix,PER,Red Bull Racing,9.0,9.0,56,56,1.0,0,0.09302325581395349,0.05813953488372093,0.16666666666666666,1
2023,United States Grand Prix,PIA,McLaren,10.0,10.0,10,56,0.17857142857142858,1,0.09523809523809523,0.09195402298850575,0.16129032258064516,1
2023,United States Grand Prix,RIC,AlphaTauri,15.0,15.0,55,56,0.9821428571428571,0,0.10714285714285714,0.12941176470588237,0.1875,1
2023,United States Grand Prix,RUS,Mercedes,5.0,5.0,56,56,1.0,0,0.09302325581395349,0.06896551724137931,0.18181818181818182,1
2023,United States Grand Prix,SAI,Ferrari,4.0,4.0,56,56,1.0,0,0.16666666666666666,0.16279069767441862,0.17647058823529413,1
2023,United States Grand Prix,SAR,Williams,20.0,20.0,56,56,1.0,0,0.19047619047619047,0.1839080459770115,0.17142857142857143,1
2023,United States Grand Prix,STR,Aston Martin,19.0,19.0,56,56,1.0,0,0.11904761904761904,0.10465116279069768,0.16666666666666666,1
2023,United States Grand Prix,TSU,AlphaTauri,11.0,11.0,56,56,1.0,0,0.16666666666666666,0.12790697674418605,0.16216216216216217,1
2023,United States Grand Prix,VER,Red Bull Racing,6.0,6.0,56,56,1.0,0,0.023255813953488372,0.05747126436781609,0.15789473684210525,1
2023,United States Grand Prix,ZHO,Alfa Romeo,12.0,12.0,55,56,0.9821428571428571,0,0.18604651162790697,0.1839080459770115,0.15384615384615385,1
2024,Abu Dhabi Grand Prix,ALB,Williams,16.0,16.0,57,58,0.9827586206896551,0,0.18604651162790697,0.18181818181818182,0.025,2
2024,Abu Dhabi Grand Prix,ALO,Aston Martin,8.0,8.0,58,58,1.0,0,0.1590909090909091,0.10344827586206896,0.024390243902439025,2
2024,Abu Dhabi Grand Prix,BOT,Kick Sauber,9.0,9.0,30,58,0.5172413793103449,1,0.18181818181818182,,0.023809523809523808,2
2024,Abu Dhabi Grand Prix,COL,Williams,19.0,19.0,26,58,0.4482758620689655,1,,0.1797752808988764,0.046511627906976744,2
2024,Abu Dhabi Grand Prix,DOO,Alpine,20.0,20.0,57,58,0.9827586206896551,0,,0.17045454545454544,0.06818181818181818,2
2024,Abu Dhabi Grand Prix,GAS,Alpine,6.0,6.0,58,58,1.0,0,0.11363636363636363,0.16853932584269662,0.06666666666666667,2
2024,Abu Dhabi Grand Prix,HAM,Mercedes,18.0,18.0,58,58,1.0,0,0.045454545454545456,0.06818181818181818,0.06521739130434782,2
2024,Abu Dhabi Grand Prix,HUL,Haas F1 Team,4.0,4.0,58,58,1.0,0,0.041666666666666664,0.11494252873563218,0.06382978723404255,2
2024,Abu Dhabi Grand Prix,LAW,RB,12.0,12.0,56,58,0.9655172413793104,0,0.0,,0.0625,2
2024,Abu Dhabi Grand Prix,LEC,Ferrari,14.0,14.0,58,58,1.0,0,0.1590909090909091,0.16091954022988506,0.061224489795918366,2
2024,Abu Dhabi Grand Prix,MAG,Haas F1 Team,15.0,15.0,57,58,0.9827586206896551,0,0.1590909090909091,0.11363636363636363,0.06,2
2024,Abu Dhabi Grand Prix,NOR,McLaren,1.0,1.0,58,58,1.0,0,0.06818181818181818,0.10227272727272728,0.058823529411764705,2
2024,Abu Dhabi Grand Prix,PER,Red Bull Racing,10.0,10.0,1,58,0.017241379310344827,1,0.09090909090909091,0.056818181818181816,0.057692307692307696,2
2024,Abu Dhabi Grand Prix,PIA,McLaren,2.0,2.0,58,58,1.0,0,0.13636363636363635,0.10112359550561797,0.07547169811320754,2
2024,Abu Dhabi Grand Prix,RUS,Mercedes,7.0,7.0,58,58,1.0,0,0.09090909090909091,0.06741573033707865,0.07407407407407407,2
2024,Abu Dhabi Grand Prix,SAI,Ferrari,3.0,3.0,58,58,1.0,0,0.16279069767441862,0.1590909090909091,0.07272727272727272,2
2024,Abu Dhabi Grand Prix,STR,Aston Martin,13.0,13.0,57,58,0.9827586206896551,0,0.11627906976744186,0.10227272727272728,0.07142857142857142,2
2024,Abu Dhabi Grand Prix,TSU,RB,11.0,11.0,57,58,0.9827586206896551,0,0.16279069767441862,0.0,0.07017543859649122,2
2024,Abu Dhabi Grand Prix,VER,Red Bull Racing,5.0,5.0,58,58,1.0,0,0.022727272727272728,0.06741573033707865,0.06896551724137931,2
2024,Abu Dhabi Grand Prix,ZHO,Kick Sauber,17.0,17.0,57,58,0.9827586206896551,0,0.18181818181818182,1.0,0.06779661016949153,2
2024,Australian Grand Prix,ALB,Williams,12.0,12.0,57,58,0.9827586206896551,0,0.18181818181818182,0.18888888888888888,0.15,2
2024,Australian Grand Prix,ALO,Aston Martin,10.0,10.0,58,58,1.0,0,0.15555555555555556,0.10112359550561797,0.14634146341463414,2
2024,Australian Grand Prix,BOT,Kick Sauber,13.0,13.0,57,58,0.9827586206896551,0,0.2,0.5,0.14285714285714285,2
2024,Australian Grand Prix,GAS,Alpine,17.0,17.0,57,58,0.9827586206896551,0,0.1111111111111111,0.16666666666666666,0.13953488372093023,2
2024,Australian Grand Prix,HAM,Mercedes,11.0,11.0,16,58,0.27586206896551724,1,0.044444444444444446,0.06666666666666667,0.13636363636363635,2
2024,Australian Grand Prix,HUL,Haas F1 Team,16.0,16.0,58,58,1.0,0,0.04,0.11235955056179775,0.15555555555555556,2
2024,Australian Grand Prix,LEC,Ferrari,5.0,5.0,58,58,1.0,0,0.15555555555555556,0.15730337078651685,0.15217391304347827,2
2024,Australian Grand Prix,MAG,Haas F1 Team,14.0,14.0,57,58,0.9827586206896551,0,0.15555555555555556,0.1111111111111111,0.14893617021276595,2
2024,Australian Grand Prix,NOR,McLaren,4.0,4.0,58,58,1.0,0,0.06666666666666667,0.1,0.14583333333333334,2
2024,Australian Grand Prix,OCO,Alpine,15.0,15.0,57,58,0.9827586206896551,0,0.18181818181818182,0.16483516483516483,0.14285714285714285,2
2024,Australian Grand Prix,PER,Red Bull Racing,3.0,3.0,58,58,1.0,0,0.1111111111111111,0.06666666666666667,0.14,2
2024,Australian Grand Prix,PIA,McLaren,6.0,6.0,58,58,1.0,0,0.13043478260869565,0.0989010989010989,0.13725490196078433,2
2024,Australian Grand Prix,RIC,RB,18.0,18.0,57,58,0.9827586206896551,0,0.10344827586206896,0.0,0.1346153846153846,2
2024,Australian Grand Prix,RUS,Mercedes,7.0,7.0,57,58,0.9827586206896551,0,0.08888888888888889,0.07692307692307693,0.1320754716981132,2
2024,Australian Grand Prix,SAI,Ferrari,2.0,2.0,58,58,1.0,0,0.1590909090909091,0.15555555555555556,0.12962962962962962,2
2024,Australian Grand Prix,STR,Aston Martin,9.0,9.0,58,58,1.0,0,0.11363636363636363,0.1,0.12727272727272726,2
2024,Australian Grand Prix,TSU,RB,8.0,8.0,58,58,1.0,0,0.1590909090909091,0.0,0.125,2
2024,Australian Grand Prix,VER,Red Bull Racing,1.0,1.0,4,58,0.06896551724137931,1,0.022222222222222223,0.06593406593406594,0.12280701754385964,2
2024,Australian Grand Prix,ZHO,Kick Sauber,19.0,19.0,57,58,0.9827586206896551,0,0.17777777777777778,0.3333333333333333,0.13793103448275862,2
2024,Austrian Grand Prix,ALB,Williams,16.0,16.0,70,71,0.9859154929577465,0,0.17777777777777778,0.18681318681318682,0.1,2
2024,Austrian Grand Prix,ALO,Aston Martin,15.0,15.0,70,71,0.9859154929577465,0,0.15217391304347827,0.0989010989010989,0.0975609756097561,2
2024,Austrian Grand Prix,BOT,Kick Sauber,18.0,18.0,70,71,0.9859154929577465,0,0.1956521739130435,0.25,0.09523809523809523,2
2024,Austrian Grand Prix,GAS,Alpine,13.0,13.0,71,71,1.0,0,0.10869565217391304,0.16304347826086957,0.09302325581395349,2
2024,Austrian Grand Prix,HAM,Mercedes,5.0,5.0,71,71,1.0,0,0.06521739130434782,0.07608695652173914,0.09090909090909091,2
2024,Austrian Grand Prix,HUL,Haas F1 Team,9.0,9.0,71,71,1.0,0,0.038461538461538464,0.10989010989010989,0.08888888888888889,2
2024,Austrian Grand Prix,LEC,Ferrari,6.0,6.0,71,71,1.0,0,0.15217391304347827,0.15384615384615385,0.08695652173913043,2
2024,Austrian Grand Prix,MAG,Haas F1 Team,12.0,12.0,71,71,1.0,0,0.15217391304347827,0.10869565217391304,0.0851063829787234,2
2024,Austrian Grand Prix,NOR,McLaren,2.0,2.0,64,71,0.9014084507042254,0,0.06521739130434782,0.09782608695652174,0.08333333333333333,2
2024,Austrian Grand Prix,OCO,Alpine,10.0,10.0,71,71,1.0,0,0.17777777777777778,0.16129032258064516,0.08163265306122448,2
2024,Austrian Grand Prix,PER,Red Bull Racing,8.0,8.0,71,71,1.0,0,0.10869565217391304,0.07608695652173914,0.08,2
2024,Austrian Grand Prix,PIA,McLaren,7.0,7.0,71,71,1.0,0,0.125,0.0967741935483871,0.0784313725490196,2
2024,Austrian Grand Prix,RIC,RB,11.0,11.0,71,71,1.0,0,0.1,0.0,0.07692307692307693,2
2024,Austrian Grand Prix,RUS,Mercedes,3.0,3.0,71,71,1.0,0,0.08695652173913043,0.07526881720430108,0.07547169811320754,2
2024,Austrian Grand Prix,SAI,Ferrari,4.0,4.0,71,71,1.0,0,0.15555555555555556,0.15217391304347827,0.07407407407407407,2
2024,Austrian Grand Prix,SAR,Williams,19.0,19.0,69,71,0.971830985915493,0,0.18181818181818182,0.18478260869565216,0.07272727272727272,2
2024,Austrian Grand Prix,STR,Aston Martin,17.0,17.0,70,71,0.9859154929577465,0,0.1111111111111111,0.09782608695652174,0.07142857142857142,2
2024,Austrian Grand Prix,TSU,RB,14.0,14.0,70,71,0.9859154929577465,0,0.15555555555555556,0.0,0.07017543859649122,2
2024,Austrian Grand Prix,VER,Red Bull Racing,1.0,1.0,71,71,1.0,0,0.043478260869565216,0.07526881720430108,0.06896551724137931,2
2024,Austrian Grand Prix,ZHO,Kick Sauber,20.0,20.0,70,71,0.9859154929577465,0,0.17391304347826086,0.2,0.06779661016949153,2
2024,Azerbaijan Grand Prix,ALB,Williams,10.0,10.0,51,51,1.0,0,0.17391304347826086,0.1827956989247312,0.15,2
2024,Azerbaijan Grand Prix,ALO,Aston Martin,8.0,8.0,51,51,1.0,0,0.14893617021276595,0.0967741935483871,0.14634146341463414,2
2024,Azerbaijan Grand Prix,BEA,Haas F1 Team,11.0,11.0,51,51,1.0,0,,0.10752688172043011,0.14285714285714285,2
2024,Azerbaijan Grand Prix,BOT,Kick Sauber,17.0,17.0,50,51,0.9803921568627451,0,0.19148936170212766,0.16666666666666666,0.13953488372093023,2
2024,Azerbaijan Grand Prix,COL,Williams,9.0,9.0,51,51,1.0,0,1.0,0.18085106382978725,0.13636363636363635,2
2024,Azerbaijan Grand Prix,GAS,Alpine,15.0,15.0,51,51,1.0,0,0.10638297872340426,0.1595744680851064,0.13333333333333333,2
2024,Azerbaijan Grand Prix,HAM,Mercedes,7.0,7.0,51,51,1.0,0,0.06382978723404255,0.07446808510638298,0.13043478260869565,2
2024,Azerbaijan Grand Prix,HUL,Haas F1 Team,13.0,13.0,51,51,1.0,0,0.037037037037037035,0.10638297872340426,0.1276595744680851,2
2024,Azerbaijan Grand Prix,LEC,Ferrari,1.0,1.0,51,51,1.0,0,0.14893617021276595,0.15053763440860216,0.125,2
2024,Azerbaijan Grand Prix,NOR,McLaren,16.0,16.0,51,51,1.0,0,0.06382978723404255,0.09574468085106383,0.12244897959183673,2
2024,Azerbaijan Grand Prix,OCO,Alpine,19.0,19.0,50,51,0.9803921568627451,0,0.17391304347826086,0.15789473684210525,0.12,2
2024,Azerbaijan Grand Prix,PER,Red Bull Racing,4.0,4.0,50,51,0.9803921568627451,0,0.10638297872340426,0.07446808510638298,0.11764705882352941,2
2024,Azerbaijan Grand Prix,PIA,McLaren,2.0,2.0,51,51,1.0,0,0.12,0.09473684210526316,0.11538461538461539,2
2024,Azerbaijan Grand Prix,RIC,RB,15.0,15.0,51,51,1.0,0,0.0967741935483871,0.0,0.11320754716981132,2
2024,Azerbaijan Grand Prix,RUS,Mercedes,5.0,5.0,51,51,1.0,0,0.0851063829787234,0.07368421052631578,0.1111111111111111,2
2024,Azerbaijan Grand Prix,SAI,Ferrari,3.0,3.0,50,51,0.9803921568627451,0,0.15217391304347827,0.14893617021276595,0.10909090909090909,2
2024,Azerbaijan Grand Prix,STR,Aston Martin,14.0,14.0,45,51,0.8823529411764706,1,0.10869565217391304,0.09574468085106383,0.10714285714285714,2
2024,Azerbaijan Grand Prix,TSU,RB,12.0,12.0,14,51,0.27450980392156865,1,0.15217391304347827,0.0,0.12280701754385964,2
2024,Azerbaijan Grand Prix,VER,Red Bull Racing,6.0,6.0,51,51,1.0,0,0.0425531914893617,0.07368421052631578,0.13793103448275862,2
2024,Azerbaijan Grand Prix,ZHO,Kick Sauber,18.0,18.0,51,51,1.0,0,0.1702127659574468,0.14285714285714285,0.13559322033898305,2
2024,Bahrain Grand Prix,ALB,Williams,13.0,13.0,56,57,0.9824561403508771,0,0.1702127659574468,0.17894736842105263,0.1,2
2024,Bahrain Grand Prix,ALO,Aston Martin,6.0,6.0,57,57,1.0,0,0.14583333333333334,0.10526315789473684,0.0975609756097561,2
2024,Bahrain Grand Prix,BOT,Kick Sauber,16.0,16.0,56,57,0.9824561403508771,0,0.1875,0.125,0.09523809523809523,2
2024,Bahrain Grand Prix,GAS,Alpine,20.0,20.0,56,57,0.9824561403508771,0,0.10416666666666667,0.15625,0.09302325581395349,2
2024,Bahrain Grand Prix,HAM,Mercedes,9.0,9.0,57,57,1.0,0,0.0625,0.07291666666666667,0.09090909090909091,2
2024,Bahrain Grand Prix,HUL,Haas F1 Team,10.0,10.0,56,57,0.9824561403508771,0,0.03571428571428571,0.10526315789473684,0.08888888888888889,2
2024,Bahrain Grand Prix,LEC,Ferrari,2.0,2.0,57,57,1.0,0,0.14583333333333334,0.14736842105263157,0.08695652173913043,2
2024,Bahrain Grand Prix,MAG,Haas F1 Team,15.0,15.0,56,57,0.9824561403508771,0,0.14893617021276595,0.10416666666666667,0.0851063829787234,2
2024,Bahrain Grand Prix,NOR,McLaren,7.0,7.0,57,57,1.0,0,0.0625,0.09375,0.08333333333333333,2
2024,Bahrain Grand Prix,OCO,Alpine,19.0,19.0,56,57,0.9824561403508771,0,0.1702127659574468,0.15463917525773196,0.08163265306122448,2
2024,Bahrain Grand Prix,PER,Red Bull Racing,5.0,5.0,57,57,1.0,0,0.10416666666666667,0.07291666666666667,0.08,2
2024,Bahrain Grand Prix,PIA,McLaren,8.0,8.0,57,57,1.0,0,0.11538461538461539,0.09278350515463918,0.0784313725490196,2
2024,Bahrain Grand Prix,RIC,RB,14.0,14.0,56,57,0.9824561403508771,0,0.09375,0.125,0.07692307692307693,2
2024,Bahrain Grand Prix,RUS,Mercedes,3.0,3.0,57,57,1.0,0,0.08333333333333333,0.07216494845360824,0.07547169811320754,2
2024,Bahrain Grand Prix,SAI,Ferrari,4.0,4.0,57,57,1.0,0,0.14893617021276595,0.14583333333333334,0.07407407407407407,2
2024,Bahrain Grand Prix,SAR,Williams,18.0,18.0,55,57,0.9649122807017544,0,0.17391304347826086,0.17708333333333334,0.07272727272727272,2
2024,Bahrain Grand Prix,STR,Aston Martin,12.0,12.0,57,57,1.0,0,0.1276595744680851,0.10416666666666667,0.07142857142857142,2
2024,Bahrain Grand Prix,TSU,RB,11.0,11.0,56,57,0.9824561403508771,0,0.1702127659574468,0.1111111111111111,0.07017543859649122,2
2024,Bahrain Grand Prix,VER,Red Bull Racing,1.0,1.0,57,57,1.0,0,0.041666666666666664,0.07216494845360824,0.06896551724137931,2
2024,Bahrain Grand Prix,ZHO,Kick Sauber,17.0,17.0,56,57,0.9824561403508771,0,0.16666666666666666,0.1111111111111111,0.06779661016949153,2
2024,Belgian Grand Prix,ALB,Williams,11.0,11.0,44,44,1.0,0,0.16666666666666666,0.17525773195876287,0.1,2
2024,Belgian Grand Prix,ALO,Aston Martin,9.0,9.0,44,44,1.0,0,0.14285714285714285,0.10309278350515463,0.0975609756097561,2
2024,Belgian Grand Prix,BOT,Kick Sauber,14.0,14.0,44,44,1.0,0,0.1836734693877551,0.1,0.09523809523809523,2
2024,Belgian Grand Prix,GAS,Alpine,12.0,12.0,44,44,1.0,0,0.10204081632653061,0.15306122448979592,0.09302325581395349,2
2024,Belgian Grand Prix,HAM,Mercedes,4.0,4.0,44,44,1.0,0,0.061224489795918366,0.07142857142857142,0.09090909090909091,2
2024,Belgian Grand Prix,HUL,Haas F1 Team,16.0,16.0,44,44,1.0,0,0.034482758620689655,0.10309278350515463,0.08888888888888889,2
2024,Belgian Grand Prix,LEC,Ferrari,2.0,2.0,44,44,1.0,0,0.14285714285714285,0.14432989690721648,0.08695652173913043,2
2024,Belgian Grand Prix,MAG,Haas F1 Team,17.0,17.0,44,44,1.0,0,0.14583333333333334,0.10204081632653061,0.0851063829787234,2
2024,Belgian Grand Prix,NOR,McLaren,5.0,5.0,44,44,1.0,0,0.061224489795918366,0.09183673469387756,0.08333333333333333,2
2024,Belgian Grand Prix,OCO,Alpine,10.0,10.0,44,44,1.0,0,0.16666666666666666,0.15151515151515152,0.08163265306122448,2
2024,Belgian Grand Prix,PER,Red Bull Racing,3.0,3.0,44,44,1.0,0,0.10204081632653061,0.07142857142857142,0.08,2
2024,Belgian Grand Prix,PIA,McLaren,6.0,6.0,44,44,1.0,0,0.1111111111111111,0.09090909090909091,0.0784313725490196,2
2024,Belgian Grand Prix,RIC,RB,13.0,13.0,44,44,1.0,0,0.09090909090909091,0.1,0.07692307692307693,2
2024,Belgian Grand Prix,RUS,Mercedes,7.0,7.0,44,44,1.0,0,0.08163265306122448,0.0707070707070707,0.07547169811320754,2
2024,Belgian Grand Prix,SAI,Ferrari,8.0,8.0,44,44,1.0,0,0.14583333333333334,0.14285714285714285,0.07407407407407407,2
2024,Belgian Grand Prix,SAR,Williams,19.0,19.0,44,44,1.0,0,0.16666666666666666,0.17346938775510204,0.07272727272727272,2
2024,Belgian Grand Prix,STR,Aston Martin,15.0,15.0,44,44,1.0,0,0.125,0.10204081632653061,0.07142857142857142,2
2024,Belgian Grand Prix,TSU,RB,18.0,18.0,44,44,1.0,0,0.16666666666666666,0.09090909090909091,0.07017543859649122,2
2024,Belgian Grand Prix,VER,Red Bull Racing,1.0,1.0,44,44,1.0,0,0.04081632653061224,0.0707070707070707,0.06896551724137931,2
2024,Belgian Grand Prix,ZHO,Kick Sauber,20.0,20.0,5,44,0.11363636363636363,1,0.16326530612244897,0.09090909090909091,0.06779661016949153,2
2024,British Grand Prix,ALB,Williams,9.0,9.0,52,52,1.0,0,0.16326530612244897,0.1717171717171717,0.225,2
2024,British Grand Prix,ALO,Aston Martin,10.0,10.0,52,52,1.0,0,0.14,0.10101010101010101,0.21951219512195122,2
2024,British Grand Prix,BOT,Kick Sauber,16.0,16.0,51,52,0.9807692307692307,0,0.18,0.16666666666666666,0.21428571428571427,2
2024,British Grand Prix,GAS,Alpine,20.0,20.0,1,52,0.019230769230769232,1,0.1,0.15,0.20930232558139536,2
2024,British Grand Prix,HAM,Mercedes,2.0,2.0,52,52,1.0,0,0.06,0.07,0.22727272727272727,2
2024,British Grand Prix,HUL,Haas F1 Team,6.0,6.0,52,52,1.0,0,0.03333333333333333,0.10101010101010101,0.2222222222222222,2
2024,British Grand Prix,LEC,Ferrari,11.0,11.0,51,52,0.9807692307692307,0,0.14,0.1414141414141414,0.21739130434782608,2
2024,British Grand Prix,MAG,Haas F1 Team,17.0,17.0,52,52,1.0,0,0.14285714285714285,0.1,0.2127659574468085,2
2024,British Grand Prix,NOR,McLaren,3.0,3.0,52,52,1.0,0,0.06,0.09,0.20833333333333334,2
2024,British Grand Prix,OCO,Alpine,18.0,18.0,50,52,0.9615384615384616,0,0.16326530612244897,0.15841584158415842,0.20408163265306123,2
2024,British Grand Prix,PER,Red Bull Racing,19.0,19.0,50,52,0.9615384615384616,0,0.1,0.07,0.2,2
2024,British Grand Prix,PIA,McLaren,5.0,5.0,52,52,1.0,0,0.10714285714285714,0.0891089108910891,0.19607843137254902,2
2024,British Grand Prix,RIC,RB,15.0,15.0,51,52,0.9807692307692307,0,0.08823529411764706,0.08333333333333333,0.19230769230769232,2
2024,British Grand Prix,RUS,Mercedes,1.0,1.0,33,52,0.6346153846153846,1,0.08,0.06930693069306931,0.18867924528301888,2
2024,British Grand Prix,SAI,Ferrari,7.0,7.0,52,52,1.0,0,0.14285714285714285,0.14,0.2037037037037037,2
2024,British Grand Prix,SAR,Williams,12.0,12.0,52,52,1.0,0,0.16,0.17,0.2,2
2024,British Grand Prix,STR,Aston Martin,8.0,8.0,52,52,1.0,0,0.12244897959183673,0.1,0.19642857142857142,2
2024,British Grand Prix,TSU,RB,13.0,13.0,52,52,1.0,0,0.16326530612244897,0.07692307692307693,0.19298245614035087,2
2024,British Grand Prix,VER,Red Bull Racing,4.0,4.0,52,52,1.0,0,0.04,0.06930693069306931,0.1896551724137931,2
2024,British Grand Prix,ZHO,Kick Sauber,14.0,14.0,50,52,0.9615384615384616,0,0.18,0.15384615384615385,0.1864406779661017,2
2024,Canadian Grand Prix,ALB,Williams,10.0,10.0,53,70,0.7571428571428571,1,0.16,0.16831683168316833,0.125,2
2024,Canadian Grand Prix,ALO,Aston Martin,6.0,6.0,70,70,1.0,0,0.13725490196078433,0.09900990099009901,0.14634146341463414,2
2024,Canadian Grand Prix,BOT,Kick Sauber,17.0,17.0,70,70,1.0,0,0.17647058823529413,0.14285714285714285,0.14285714285714285,2
2024,Canadian Grand Prix,GAS,Alpine,15.0,15.0,70,70,1.0,0,0.11764705882352941,0.1568627450980392,0.13953488372093023,2
2024,Canadian Grand Prix,HAM,Mercedes,7.0,7.0,70,70,1.0,0,0.058823529411764705,0.0784313725490196,0.13636363636363635,2
2024,Canadian Grand Prix,HUL,Haas F1 Team,19.0,19.0,70,70,1.0,0,0.03225806451612903,0.09900990099009901,0.13333333333333333,2
2024,Canadian Grand Prix,LEC,Ferrari,11.0,11.0,41,70,0.5857142857142857,1,0.13725490196078433,0.13861386138613863,0.13043478260869565,2
2024,Canadian Grand Prix,MAG,Haas F1 Team,14.0,14.0,70,70,1.0,0,0.14,0.09803921568627451,0.14893617021276595,2
2024,Canadian Grand Prix,NOR,McLaren,3.0,3.0,70,70,1.0,0,0.058823529411764705,0.08823529411764706,0.14583333333333334,2
2024,Canadian Grand Prix,OCO,Alpine,18.0,18.0,70,70,1.0,0,0.16,0.1553398058252427,0.14285714285714285,2
2024,Canadian Grand Prix,PER,Red Bull Racing,16.0,16.0,52,70,0.7428571428571429,1,0.09803921568627451,0.06862745098039216,0.14,2
2024,Canadian Grand Prix,PIA,McLaren,4.0,4.0,70,70,1.0,0,0.10344827586206896,0.08737864077669903,0.1568627450980392,2
2024,Canadian Grand Prix,RIC,RB,5.0,5.0,70,70,1.0,0,0.08571428571428572,0.07142857142857142,0.15384615384615385,2
2024,Canadian Grand Prix,RUS,Mercedes,1.0,1.0,70,70,1.0,0,0.09803921568627451,0.07766990291262135,0.1509433962264151,2
2024,Canadian Grand Prix,SAI,Ferrari,12.0,12.0,53,70,0.7571428571428571,1,0.14,0.14705882352941177,0.14814814814814814,2
2024,Canadian Grand Prix,SAR,Williams,13.0,13.0,24,70,0.34285714285714286,1,0.15384615384615385,0.17647058823529413,0.16363636363636364,2
2024,Canadian Grand Prix,STR,Aston Martin,9.0,9.0,70,70,1.0,0,0.12,0.09803921568627451,0.17857142857142858,2
2024,Canadian Grand Prix,TSU,RB,8.0,8.0,70,70,1.0,0,0.16,0.06666666666666667,0.17543859649122806,2
2024,Canadian Grand Prix,VER,Red Bull Racing,2.0,2.0,70,70,1.0,0,0.0392156862745098,0.07766990291262135,0.1724137931034483,2
2024,Canadian Grand Prix,ZHO,Kick Sauber,20.0,20.0,69,70,0.9857142857142858,0,0.17647058823529413,0.13333333333333333,0.1694915254237288,2
2024,Chinese Grand Prix,ALB,Williams,14.0,14.0,56,56,1.0,0,0.17647058823529413,0.18446601941747573,,2
2024,Chinese Grand Prix,ALO,Aston Martin,3.0,3.0,56,56,1.0,0,0.1346153846153846,0.0970873786407767,0.0,2
2024,Chinese Grand Prix,BOT,Kick Sauber,10.0,10.0,20,56,0.35714285714285715,1,0.17307692307692307,0.125,0.0,2
2024,Chinese Grand Prix,GAS,Alpine,15.0,15.0,56,56,1.0,0,0.11538461538461539,0.15384615384615385,0.3333333333333333,2
2024,Chinese Grand Prix,HAM,Mercedes,18.0,18.0,56,56,1.0,0,0.057692307692307696,0.07692307692307693,0.25,2
2024,Chinese Grand Prix,HUL,Haas F1 Team,9.0,9.0,56,56,1.0,0,0.03125,0.0970873786407767,0.2,2
2024,Chinese Grand Prix,LEC,Ferrari,6.0,6.0,56,56,1.0,0,0.15384615384615385,0.1553398058252427,0.16666666666666666,2
2024,Chinese Grand Prix,MAG,Haas F1 Team,17.0,17.0,56,56,1.0,0,0.13725490196078433,0.09615384615384616,0.14285714285714285,2
2024,Chinese Grand Prix,NOR,McLaren,4.0,4.0,56,56,1.0,0,0.057692307692307696,0.08653846153846154,0.125,2
2024,Chinese Grand Prix,OCO,Alpine,13.0,13.0,56,56,1.0,0,0.1568627450980392,0.1523809523809524,0.1111111111111111,2
2024,Chinese Grand Prix,PER,Red Bull Racing,2.0,2.0,56,56,1.0,0,0.11538461538461539,0.07692307692307693,0.1,2
2024,Chinese Grand Prix,PIA,McLaren,5.0,5.0,56,56,1.0,0,0.1,0.08571428571428572,0.09090909090909091,2
2024,Chinese Grand Prix,RIC,RB,12.0,12.0,33,56,0.5892857142857143,1,0.08333333333333333,0.0625,0.08333333333333333,2
2024,Chinese Grand Prix,RUS,Mercedes,8.0,8.0,56,56,1.0,0,0.09615384615384616,0.0761904761904762,0.15384615384615385,2
2024,Chinese Grand Prix,SAI,Ferrari,7.0,7.0,56,56,1.0,0,0.1568627450980392,0.15384615384615385,0.14285714285714285,2
2024,Chinese Grand Prix,SAR,Williams,20.0,20.0,56,56,1.0,0,0.18518518518518517,0.18269230769230768,0.13333333333333333,2
2024,Chinese Grand Prix,STR,Aston Martin,11.0,11.0,56,56,1.0,0,0.11764705882352941,0.09615384615384616,0.125,2
2024,Chinese Grand Prix,TSU,RB,19.0,19.0,27,56,0.48214285714285715,1,0.1568627450980392,0.11764705882352941,0.11764705882352941,2
2024,Chinese Grand Prix,VER,Red Bull Racing,1.0,1.0,56,56,1.0,0,0.038461538461538464,0.0761904761904762,0.16666666666666666,2
2024,Chinese Grand Prix,ZHO,Kick Sauber,16.0,16.0,56,56,1.0,0,0.17307692307692307,0.17647058823529413,0.15789473684210525,2
2024,Dutch Grand Prix,ALB,Williams,10.0,10.0,71,72,0.9861111111111112,0,0.17307692307692307,0.18095238095238095,0.125,2
2024,Dutch Grand Prix,ALO,Aston Martin,7.0,7.0,71,72,0.9861111111111112,0,0.1320754716981132,0.09523809523809523,0.12195121951219512,2
2024,Dutch Grand Prix,BOT,Kick Sauber,17.0,17.0,70,72,0.9722222222222222,0,0.18867924528301888,0.16666666666666666,0.11904761904761904,2
2024,Dutch Grand Prix,GAS,Alpine,9.0,9.0,71,72,0.9861111111111112,0,0.11320754716981132,0.1509433962264151,0.11627906976744186,2
2024,Dutch Grand Prix,HAM,Mercedes,11.0,11.0,72,72,1.0,0,0.05660377358490566,0.07547169811320754,0.11363636363636363,2
2024,Dutch Grand Prix,HUL,Haas F1 Team,13.0,13.0,71,72,0.9861111111111112,0,0.030303030303030304,0.09523809523809523,0.1111111111111111,2
2024,Dutch Grand Prix,LEC,Ferrari,6.0,6.0,72,72,1.0,0,0.1509433962264151,0.1523809523809524,0.10869565217391304,2
2024,Dutch Grand Prix,MAG,Haas F1 Team,14.0,14.0,71,72,0.9861111111111112,0,0.1346153846153846,0.09433962264150944,0.10638297872340426,2
2024,Dutch Grand Prix,NOR,McLaren,1.0,1.0,72,72,1.0,0,0.05660377358490566,0.08490566037735849,0.10416666666666667,2
2024,Dutch Grand Prix,OCO,Alpine,16.0,16.0,71,72,0.9861111111111112,0,0.15384615384615385,0.14953271028037382,0.10204081632653061,2
2024,Dutch Grand Prix,PER,Red Bull Racing,5.0,5.0,72,72,1.0,0,0.11320754716981132,0.07547169811320754,0.1,2
2024,Dutch Grand Prix,PIA,McLaren,3.0,3.0,72,72,1.0,0,0.0967741935483871,0.08411214953271028,0.09803921568627451,2
2024,Dutch Grand Prix,RIC,RB,15.0,15.0,71,72,0.9861111111111112,0,0.10810810810810811,0.16666666666666666,0.09615384615384616,2
2024,Dutch Grand Prix,RUS,Mercedes,4.0,4.0,72,72,1.0,0,0.09433962264150944,0.07476635514018691,0.09433962264150944,2
2024,Dutch Grand Prix,SAI,Ferrari,10.0,10.0,72,72,1.0,0,0.15384615384615385,0.1509433962264151,0.09259259259259259,2
2024,Dutch Grand Prix,SAR,Williams,20.0,20.0,71,72,0.9861111111111112,0,0.17857142857142858,0.1792452830188679,0.09090909090909091,2
2024,Dutch Grand Prix,STR,Aston Martin,8.0,8.0,71,72,0.9861111111111112,0,0.11538461538461539,0.09433962264150944,0.08928571428571429,2
2024,Dutch Grand Prix,TSU,RB,12.0,12.0,71,72,0.9861111111111112,0,0.17307692307692307,0.15789473684210525,0.08771929824561403,2
2024,Dutch Grand Prix,VER,Red Bull Racing,2.0,2.0,72,72,1.0,0,0.03773584905660377,0.07476635514018691,0.08620689655172414,2
2024,Dutch Grand Prix,ZHO,Kick Sauber,18.0,18.0,70,72,0.9722222222222222,0,0.16981132075471697,0.15789473684210525,0.0847457627118644,2
2024,Emilia Romagna Grand Prix,ALB,Williams,14.0,14.0,51,63,0.8095238095238095,1,0.16981132075471697,0.17757009345794392,0.1,2
2024,Emilia Romagna Grand Prix,ALO,Aston Martin,19.0,19.0,62,63,0.9841269841269841,0,0.12962962962962962,0.09345794392523364,0.14285714285714285,2
2024,Emilia Romagna Grand Prix,BOT,Kick Sauber,16.0,16.0,62,63,0.9841269841269841,0,0.18518518518518517,0.15,0.13636363636363635,2
2024,Emilia Romagna Grand Prix,GAS,Alpine,15.0,15.0,62,63,0.9841269841269841,0,0.1111111111111111,0.14814814814814814,0.13043478260869565,2
2024,Emilia Romagna Grand Prix,HAM,Mercedes,8.0,8.0,63,63,1.0,0,0.05555555555555555,0.07407407407407407,0.125,2
2024,Emilia Romagna Grand Prix,HUL,Haas F1 Team,10.0,10.0,62,63,0.9841269841269841,0,0.029411764705882353,0.09345794392523364,0.12,2
2024,Emilia Romagna Grand Prix,LEC,Ferrari,4.0,4.0,63,63,1.0,0,0.14814814814814814,0.14953271028037382,0.11538461538461539,2
2024,Emilia Romagna Grand Prix,MAG,Haas F1 Team,18.0,18.0,62,63,0.9841269841269841,0,0.1320754716981132,0.09259259259259259,0.1111111111111111,2
2024,Emilia Romagna Grand Prix,NOR,McLaren,3.0,3.0,63,63,1.0,0,0.05555555555555555,0.08333333333333333,0.10714285714285714,2
2024,Emilia Romagna Grand Prix,OCO,Alpine,12.0,12.0,62,63,0.9841269841269841,0,0.1509433962264151,0.14678899082568808,0.10344827586206896,2
2024,Emilia Romagna Grand Prix,PER,Red Bull Racing,11.0,11.0,63,63,1.0,0,0.1111111111111111,0.07407407407407407,0.1,2
2024,Emilia Romagna Grand Prix,PIA,McLaren,2.0,2.0,63,63,1.0,0,0.09375,0.08256880733944955,0.0967741935483871,2
2024,Emilia Romagna Grand Prix,RIC,RB,9.0,9.0,62,63,0.9841269841269841,0,0.10526315789473684,0.15,0.09375,2
2024,Emilia Romagna Grand Prix,RUS,Mercedes,6.0,6.0,63,63,1.0,0,0.09259259259259259,0.07339449541284404,0.09090909090909091,2
2024,Emilia Romagna Grand Prix,SAI,Ferrari,5.0,5.0,63,63,1.0,0,0.1509433962264151,0.14814814814814814,0.08823529411764706,2
2024,Emilia Romagna Grand Prix,SAR,Williams,20.0,20.0,62,63,0.9841269841269841,0,0.1724137931034483,0.18518518518518517,0.08571428571428572,2
2024,Emilia Romagna Grand Prix,STR,Aston Martin,13.0,13.0,63,63,1.0,0,0.11320754716981132,0.09259259259259259,0.08333333333333333,2
2024,Emilia Romagna Grand Prix,TSU,RB,7.0,7.0,62,63,0.9841269841269841,0,0.16981132075471697,0.14285714285714285,0.08108108108108109,2
2024,Emilia Romagna Grand Prix,VER,Red Bull Racing,1.0,1.0,63,63,1.0,0,0.037037037037037035,0.07339449541284404,0.07894736842105263,2
2024,Emilia Romagna Grand Prix,ZHO,Kick Sauber,17.0,17.0,62,63,0.9841269841269841,0,0.16666666666666666,0.14285714285714285,0.07692307692307693,2
2024,Hungarian Grand Prix,ALB,Williams,13.0,13.0,69,70,0.9857142857142858,0,0.18518518518518517,0.1834862385321101,0.05,2
2024,Hungarian Grand Prix,ALO,Aston Martin,7.0,7.0,70,70,1.0,0,0.12727272727272726,0.09174311926605505,0.04878048780487805,2
2024,Hungarian Grand Prix,BOT,Kick Sauber,12.0,12.0,69,70,0.9857142857142858,0,0.18181818181818182,0.13636363636363635,0.047619047619047616,2
2024,Hungarian Grand Prix,GAS,Alpine,20.0,20.0,33,70,0.4714285714285714,1,0.10909090909090909,0.14545454545454545,0.046511627906976744,2
2024,Hungarian Grand Prix,HAM,Mercedes,5.0,5.0,70,70,1.0,0,0.05454545454545454,0.07272727272727272,0.06818181818181818,2
2024,Hungarian Grand Prix,HUL,Haas F1 Team,11.0,11.0,69,70,0.9857142857142858,0,0.02857142857142857,0.09174311926605505,0.06666666666666667,2
2024,Hungarian Grand Prix,LEC,Ferrari,6.0,6.0,70,70,1.0,0,0.14545454545454545,0.14678899082568808,0.06521739130434782,2
2024,Hungarian Grand Prix,MAG,Haas F1 Team,15.0,15.0,69,70,0.9857142857142858,0,0.12962962962962962,0.09090909090909091,0.06382978723404255,2
2024,Hungarian Grand Prix,NOR,McLaren,1.0,1.0,70,70,1.0,0,0.05454545454545454,0.08181818181818182,0.0625,2
2024,Hungarian Grand Prix,OCO,Alpine,19.0,19.0,69,70,0.9857142857142858,0,0.14814814814814814,0.15315315315315314,0.061224489795918366,2
2024,Hungarian Grand Prix,PER,Red Bull Racing,16.0,16.0,70,70,1.0,0,0.10909090909090909,0.07272727272727272,0.06,2
2024,Hungarian Grand Prix,PIA,McLaren,2.0,2.0,70,70,1.0,0,0.09090909090909091,0.08108108108108109,0.058823529411764705,2
2024,Hungarian Grand Prix,RIC,RB,9.0,9.0,69,70,0.9857142857142858,0,0.10256410256410256,0.13636363636363635,0.057692307692307696,2
2024,Hungarian Grand Prix,RUS,Mercedes,17.0,17.0,70,70,1.0,0,0.09090909090909091,0.07207207207207207,0.05660377358490566,2
2024,Hungarian Grand Prix,SAI,Ferrari,4.0,4.0,70,70,1.0,0,0.14814814814814814,0.14545454545454545,0.05555555555555555,2
2024,Hungarian Grand Prix,SAR,Williams,14.0,14.0,69,70,0.9857142857142858,0,0.16666666666666666,0.18181818181818182,0.05454545454545454,2
2024,Hungarian Grand Prix,STR,Aston Martin,8.0,8.0,70,70,1.0,0,0.1111111111111111,0.09090909090909091,0.05357142857142857,2
2024,Hungarian Grand Prix,TSU,RB,10.0,10.0,70,70,1.0,0,0.16666666666666666,0.13043478260869565,0.05263157894736842,2
2024,Hungarian Grand Prix,VER,Red Bull Racing,3.0,3.0,70,70,1.0,0,0.03636363636363636,0.07207207207207207,0.05172413793103448,2
2024,Hungarian Grand Prix,ZHO,Kick Sauber,18.0,18.0,69,70,0.9857142857142858,0,0.16363636363636364,0.13043478260869565,0.05084745762711865,2
2024,Italian Grand Prix,ALB,Williams,9.0,9.0,53,53,1.0,0,0.18181818181818182,0.18018018018018017,0.15,2
2024,Italian Grand Prix,ALO,Aston Martin,11.0,11.0,53,53,1.0,0,0.125,0.09009009009009009,0.14634146341463414,2
2024,Italian Grand Prix,BOT,Kick Sauber,19.0,19.0,52,53,0.9811320754716981,0,0.17857142857142858,0.125,0.14285714285714285,2
2024,Italian Grand Prix,COL,Williams,18.0,18.0,53,53,1.0,0,0.5,0.17857142857142858,0.13953488372093023,2
2024,Italian Grand Prix,GAS,Alpine,14.0,14.0,52,53,0.9811320754716981,0,0.125,0.15178571428571427,0.13636363636363635,2
2024,Italian Grand Prix,HAM,Mercedes,6.0,6.0,53,53,1.0,0,0.05357142857142857,0.07142857142857142,0.13333333333333333,2
2024,Italian Grand Prix,HUL,Haas F1 Team,10.0,10.0,52,53,0.9811320754716981,0,0.027777777777777776,0.09009009009009009,0.13043478260869565,2
2024,Italian Grand Prix,LEC,Ferrari,4.0,4.0,53,53,1.0,0,0.14285714285714285,0.14414414414414414,0.1276595744680851,2
2024,Italian Grand Prix,MAG,Haas F1 Team,13.0,13.0,53,53,1.0,0,0.12727272727272726,0.08928571428571429,0.125,2
2024,Italian Grand Prix,NOR,McLaren,1.0,1.0,53,53,1.0,0,0.05357142857142857,0.08035714285714286,0.12244897959183673,2
2024,Italian Grand Prix,OCO,Alpine,15.0,15.0,52,53,0.9811320754716981,0,0.14545454545454545,0.1504424778761062,0.12,2
2024,Italian Grand Prix,PER,Red Bull Racing,8.0,8.0,53,53,1.0,0,0.10714285714285714,0.07142857142857142,0.11764705882352941,2
2024,Italian Grand Prix,PIA,McLaren,2.0,2.0,53,53,1.0,0,0.08823529411764706,0.07964601769911504,0.11538461538461539,2
2024,Italian Grand Prix,RIC,RB,12.0,12.0,53,53,1.0,0,0.1,0.125,0.11320754716981132,2
2024,Italian Grand Prix,RUS,Mercedes,3.0,3.0,53,53,1.0,0,0.08928571428571429,0.07079646017699115,0.1111111111111111,2
2024,Italian Grand Prix,SAI,Ferrari,5.0,5.0,53,53,1.0,0,0.14545454545454545,0.14285714285714285,0.10909090909090909,2
2024,Italian Grand Prix,STR,Aston Martin,17.0,17.0,52,53,0.9811320754716981,0,0.10909090909090909,0.08928571428571429,0.10714285714285714,2
2024,Italian Grand Prix,TSU,RB,16.0,16.0,7,53,0.1320754716981132,1,0.16363636363636364,0.12,0.10526315789473684,2
2024,Italian Grand Prix,VER,Red Bull Racing,7.0,7.0,53,53,1.0,0,0.03571428571428571,0.07079646017699115,0.1206896551724138,2
2024,Italian Grand Prix,ZHO,Kick Sauber,20.0,20.0,52,53,0.9811320754716981,0,0.16071428571428573,0.12,0.11864406779661017,2
2024,Japanese Grand Prix,ALB,Williams,14.0,14.0,1,53,0.018867924528301886,1,0.17857142857142858,0.17699115044247787,0.175,2
2024,Japanese Grand Prix,ALO,Aston Martin,5.0,5.0,53,53,1.0,0,0.12280701754385964,0.08849557522123894,0.1951219512195122,2
2024,Japanese Grand Prix,BOT,Kick Sauber,13.0,13.0,52,53,0.9811320754716981,0,0.17543859649122806,0.11538461538461539,0.19047619047619047,2
2024,Japanese Grand Prix,GAS,Alpine,17.0,17.0,52,53,0.9811320754716981,0,0.12280701754385964,0.14912280701754385,0.18604651162790697,2
2024,Japanese Grand Prix,HAM,Mercedes,7.0,7.0,53,53,1.0,0,0.05263157894736842,0.07017543859649122,0.18181818181818182,2
2024,Japanese Grand Prix,HUL,Haas F1 Team,12.0,12.0,52,53,0.9811320754716981,0,0.02702702702702703,0.08849557522123894,0.17777777777777778,2
2024,Japanese Grand Prix,LEC,Ferrari,8.0,8.0,53,53,1.0,0,0.14035087719298245,0.1415929203539823,0.17391304347826086,2
2024,Japanese Grand Prix,MAG,Haas F1 Team,18.0,18.0,52,53,0.9811320754716981,0,0.125,0.08771929824561403,0.1702127659574468,2
2024,Japanese Grand Prix,NOR,McLaren,3.0,3.0,53,53,1.0,0,0.05263157894736842,0.07894736842105263,0.16666666666666666,2
2024,Japanese Grand Prix,OCO,Alpine,15.0,15.0,52,53,0.9811320754716981,0,0.14285714285714285,0.14782608695652175,0.16326530612244897,2
2024,Japanese Grand Prix,PER,Red Bull Racing,2.0,2.0,53,53,1.0,0,0.10526315789473684,0.07017543859649122,0.16,2
2024,Japanese Grand Prix,PIA,McLaren,6.0,6.0,53,53,1.0,0,0.08571428571428572,0.0782608695652174,0.1568627450980392,2
2024,Japanese Grand Prix,RIC,RB,11.0,11.0,1,53,0.018867924528301886,1,0.0975609756097561,0.15384615384615385,0.15384615384615385,2
2024,Japanese Grand Prix,RUS,Mercedes,9.0,9.0,53,53,1.0,0,0.08771929824561403,0.06956521739130435,0.16981132075471697,2
2024,Japanese Grand Prix,SAI,Ferrari,4.0,4.0,53,53,1.0,0,0.14285714285714285,0.14035087719298245,0.16666666666666666,2
2024,Japanese Grand Prix,SAR,Williams,19.0,19.0,52,53,0.9811320754716981,0,0.16129032258064516,0.18421052631578946,0.16363636363636364,2
2024,Japanese Grand Prix,STR,Aston Martin,16.0,16.0,52,53,0.9811320754716981,0,0.10714285714285714,0.08771929824561403,0.16071428571428573,2
2024,Japanese Grand Prix,TSU,RB,10.0,10.0,52,53,0.9811320754716981,0,0.17857142857142858,0.18518518518518517,0.15789473684210525,2
2024,Japanese Grand Prix,VER,Red Bull Racing,1.0,1.0,53,53,1.0,0,0.03508771929824561,0.06956521739130435,0.15517241379310345,2
2024,Japanese Grand Prix,ZHO,Kick Sauber,20.0,20.0,12,53,0.22641509433962265,1,0.15789473684210525,0.1111111111111111,0.15254237288135594,2
2024,Las Vegas Grand Prix,ALB,Williams,18.0,18.0,25,50,0.5,1,0.19298245614035087,0.1826086956521739,0.05,2
2024,Las Vegas Grand Prix,ALO,Aston Martin,17.0,17.0,50,50,1.0,0,0.1206896551724138,0.08695652173913043,0.09523809523809523,2
2024,Las Vegas Grand Prix,BOT,Kick Sauber,19.0,19.0,49,50,0.98,0,0.1724137931034483,0.14285714285714285,0.09090909090909091,2
2024,Las Vegas Grand Prix,COL,Williams,14.0,14.0,50,50,1.0,0,0.3333333333333333,0.1896551724137931,0.08695652173913043,2
2024,Las Vegas Grand Prix,GAS,Alpine,3.0,3.0,15,50,0.3,1,0.1206896551724138,0.14655172413793102,0.08333333333333333,2
2024,Las Vegas Grand Prix,HAM,Mercedes,10.0,10.0,50,50,1.0,0,0.05172413793103448,0.06896551724137931,0.12,2
2024,Las Vegas Grand Prix,HUL,Haas F1 Team,9.0,9.0,50,50,1.0,0,0.02631578947368421,0.08695652173913043,0.11538461538461539,2
2024,Las Vegas Grand Prix,LAW,RB,15.0,15.0,50,50,1.0,0,0.0,0.17857142857142858,0.1111111111111111,2
2024,Las Vegas Grand Prix,LEC,Ferrari,4.0,4.0,50,50,1.0,0,0.13793103448275862,0.1391304347826087,0.10714285714285714,2
2024,Las Vegas Grand Prix,MAG,Haas F1 Team,12.0,12.0,50,50,1.0,0,0.12280701754385964,0.08620689655172414,0.10344827586206896,2
2024,Las Vegas Grand Prix,NOR,McLaren,6.0,6.0,50,50,1.0,0,0.05172413793103448,0.07758620689655173,0.1,2
2024,Las Vegas Grand Prix,OCO,Alpine,11.0,11.0,49,50,0.98,0,0.14035087719298245,0.15384615384615385,0.0967741935483871,2
2024,Las Vegas Grand Prix,PER,Red Bull Racing,16.0,16.0,50,50,1.0,0,0.10344827586206896,0.06896551724137931,0.09375,2
2024,Las Vegas Grand Prix,PIA,McLaren,8.0,8.0,50,50,1.0,0,0.08333333333333333,0.07692307692307693,0.09090909090909091,2
2024,Las Vegas Grand Prix,RUS,Mercedes,1.0,1.0,50,50,1.0,0,0.08620689655172414,0.06837606837606838,0.08823529411764706,2
2024,Las Vegas Grand Prix,SAI,Ferrari,2.0,2.0,50,50,1.0,0,0.14035087719298245,0.13793103448275862,0.08571428571428572,2
2024,Las Vegas Grand Prix,STR,Aston Martin,20.0,20.0,50,50,1.0,0,0.10526315789473684,0.08620689655172414,0.08333333333333333,2
2024,Las Vegas Grand Prix,TSU,RB,7.0,7.0,50,50,1.0,0,0.17543859649122806,0.1724137931034483,0.08108108108108109,2
2024,Las Vegas Grand Prix,VER,Red Bull Racing,5.0,5.0,50,50,1.0,0,0.034482758620689655,0.06837606837606838,0.07894736842105263,2
2024,Las Vegas Grand Prix,ZHO,Kick Sauber,13.0,13.0,50,50,1.0,0,0.1724137931034483,0.13793103448275862,0.07692307692307693,2
2024,Mexico City Grand Prix,ALB,Williams,9.0,9.0,1,71,0.014084507042253521,1,0.20689655172413793,0.18803418803418803,0.1,2
2024,Mexico City Grand Prix,ALO,Aston Martin,13.0,13.0,15,71,0.2112676056338028,1,0.11864406779661017,0.08547008547008547,0.12195121951219512,2
2024,Mexico City Grand Prix,BOT,Kick Sauber,15.0,15.0,70,71,0.9859154929577465,0,0.1694915254237288,0.13333333333333333,0.14285714285714285,2
2024,Mexico City Grand Prix,COL,Williams,16.0,16.0,70,71,0.9859154929577465,0,0.25,0.19491525423728814,0.13953488372093023,2
2024,Mexico City Grand Prix,GAS,Alpine,8.0,8.0,70,71,0.9859154929577465,0,0.13559322033898305,0.15254237288135594,0.13636363636363635,2
2024,Mexico City Grand Prix,HAM,Mercedes,6.0,6.0,71,71,1.0,0,0.05084745762711865,0.06779661016949153,0.13333333333333333,2
2024,Mexico City Grand Prix,HUL,Haas F1 Team,10.0,10.0,70,71,0.9859154929577465,0,0.02564102564102564,0.08547008547008547,0.13043478260869565,2
2024,Mexico City Grand Prix,LAW,RB,12.0,12.0,70,71,0.9859154929577465,0,0.0,0.16666666666666666,0.1276595744680851,2
2024,Mexico City Grand Prix,LEC,Ferrari,4.0,4.0,71,71,1.0,0,0.13559322033898305,0.13675213675213677,0.125,2
2024,Mexico City Grand Prix,MAG,Haas F1 Team,7.0,7.0,71,71,1.0,0,0.1206896551724138,0.0847457627118644,0.12244897959183673,2
2024,Mexico City Grand Prix,NOR,McLaren,3.0,3.0,71,71,1.0,0,0.05084745762711865,0.07627118644067797,0.12,2
2024,Mexico City Grand Prix,OCO,Alpine,19.0,19.0,70,71,0.9859154929577465,0,0.13793103448275862,0.15126050420168066,0.11764705882352941,2
2024,Mexico City Grand Prix,PER,Red Bull Racing,18.0,18.0,70,71,0.9859154929577465,0,0.1016949152542373,0.06779661016949153,0.11538461538461539,2
2024,Mexico City Grand Prix,PIA,McLaren,17.0,17.0,71,71,1.0,0,0.08108108108108109,0.07563025210084033,0.11320754716981132,2
2024,Mexico City Grand Prix,RUS,Mercedes,5.0,5.0,71,71,1.0,0,0.0847457627118644,0.06722689075630252,0.1111111111111111,2
2024,Mexico City Grand Prix,SAI,Ferrari,1.0,1.0,71,71,1.0,0,0.13793103448275862,0.13559322033898305,0.10909090909090909,2
2024,Mexico City Grand Prix,STR,Aston Martin,14.0,14.0,70,71,0.9859154929577465,0,0.10344827586206896,0.09322033898305085,0.10714285714285714,2
2024,Mexico City Grand Prix,TSU,RB,11.0,11.0,1,71,0.014084507042253521,1,0.1724137931034483,0.16129032258064516,0.10526315789473684,2
2024,Mexico City Grand Prix,VER,Red Bull Racing,2.0,2.0,71,71,1.0,0,0.03389830508474576,0.06722689075630252,0.1206896551724138,2
2024,Mexico City Grand Prix,ZHO,Kick Sauber,20.0,20.0,70,71,0.9859154929577465,0,0.1694915254237288,0.12903225806451613,0.11864406779661017,2
2024,Miami Grand Prix,ALB,Williams,14.0,14.0,57,57,1.0,0,0.22033898305084745,0.19327731092436976,0.075,2
2024,Miami Grand Prix,ALO,Aston Martin,15.0,15.0,57,57,1.0,0,0.13333333333333333,0.09243697478991597,0.07317073170731707,2
2024,Miami Grand Prix,BOT,Kick Sauber,16.0,16.0,57,57,1.0,0,0.16666666666666666,0.125,0.07142857142857142,2
2024,Miami Grand Prix,GAS,Alpine,12.0,12.0,57,57,1.0,0,0.13333333333333333,0.15,0.06976744186046512,2
2024,Miami Grand Prix,HAM,Mercedes,8.0,8.0,57,57,1.0,0,0.05,0.06666666666666667,0.06818181818181818,2
2024,Miami Grand Prix,HUL,Haas F1 Team,9.0,9.0,57,57,1.0,0,0.025,0.08403361344537816,0.06666666666666667,2
2024,Miami Grand Prix,LEC,Ferrari,2.0,2.0,57,57,1.0,0,0.13333333333333333,0.13445378151260504,0.06521739130434782,2
2024,Miami Grand Prix,MAG,Haas F1 Team,19.0,19.0,57,57,1.0,0,0.11864406779661017,0.08333333333333333,0.06382978723404255,2
2024,Miami Grand Prix,NOR,McLaren,5.0,5.0,57,57,1.0,0,0.05,0.075,0.0625,2
2024,Miami Grand Prix,OCO,Alpine,13.0,13.0,57,57,1.0,0,0.13559322033898305,0.1487603305785124,0.061224489795918366,2
2024,Miami Grand Prix,PER,Red Bull Racing,4.0,4.0,57,57,1.0,0,0.1,0.06666666666666667,0.06,2
2024,Miami Grand Prix,PIA,McLaren,6.0,6.0,57,57,1.0,0,0.07894736842105263,0.0743801652892562,0.058823529411764705,2
2024,Miami Grand Prix,RIC,RB,18.0,18.0,57,57,1.0,0,0.11904761904761904,0.1875,0.057692307692307696,2
2024,Miami Grand Prix,RUS,Mercedes,7.0,7.0,57,57,1.0,0,0.08333333333333333,0.06611570247933884,0.05660377358490566,2
2024,Miami Grand Prix,SAI,Ferrari,3.0,3.0,57,57,1.0,0,0.13559322033898305,0.13333333333333333,0.05555555555555555,2
2024,Miami Grand Prix,SAR,Williams,17.0,17.0,28,57,0.49122807017543857,1,0.15625,0.19166666666666668,0.05454545454545454,2
2024,Miami Grand Prix,STR,Aston Martin,11.0,11.0,57,57,1.0,0,0.1016949152542373,0.09166666666666666,0.07142857142857142,2
2024,Miami Grand Prix,TSU,RB,10.0,10.0,57,57,1.0,0,0.1864406779661017,0.18181818181818182,0.07017543859649122,2
2024,Miami Grand Prix,VER,Red Bull Racing,1.0,1.0,57,57,1.0,0,0.03333333333333333,0.06611570247933884,0.06896551724137931,2
2024,Miami Grand Prix,ZHO,Kick Sauber,20.0,20.0,57,57,1.0,0,0.16666666666666666,0.12121212121212122,0.06779661016949153,2
2024,Monaco Grand Prix,ALB,Williams,9.0,9.0,77,78,0.9871794871794872,0,0.21666666666666667,0.19834710743801653,0.1,2
2024,Monaco Grand Prix,ALO,Aston Martin,14.0,14.0,76,78,0.9743589743589743,0,0.13114754098360656,0.09090909090909091,0.0975609756097561,2
2024,Monaco Grand Prix,BOT,Kick Sauber,17.0,17.0,76,78,0.9743589743589743,0,0.16393442622950818,0.11764705882352941,0.09523809523809523,2
2024,Monaco Grand Prix,GAS,Alpine,10.0,10.0,77,78,0.9871794871794872,0,0.13114754098360656,0.14754098360655737,0.09302325581395349,2
2024,Monaco Grand Prix,HAM,Mercedes,7.0,7.0,78,78,1.0,0,0.04918032786885246,0.06557377049180328,0.09090909090909091,2
2024,Monaco Grand Prix,HUL,Haas F1 Team,14.0,14.0,1,78,0.01282051282051282,1,0.024390243902439025,0.08264462809917356,0.08888888888888889,2
2024,Monaco Grand Prix,LEC,Ferrari,1.0,1.0,78,78,1.0,0,0.13114754098360656,0.1322314049586777,0.10869565217391304,2
2024,Monaco Grand Prix,MAG,Haas F1 Team,15.0,15.0,1,78,0.01282051282051282,1,0.11666666666666667,0.09016393442622951,0.10638297872340426,2
2024,Monaco Grand Prix,NOR,McLaren,4.0,4.0,78,78,1.0,0,0.04918032786885246,0.07377049180327869,0.125,2
2024,Monaco Grand Prix,OCO,Alpine,11.0,11.0,1,78,0.01282051282051282,1,0.13333333333333333,0.14634146341463414,0.12244897959183673,2
2024,Monaco Grand Prix,PER,Red Bull Racing,16.0,16.0,1,78,0.01282051282051282,1,0.09836065573770492,0.06557377049180328,0.14,2
2024,Monaco Grand Prix,PIA,McLaren,2.0,2.0,78,78,1.0,0,0.07692307692307693,0.07317073170731707,0.1568627450980392,2
2024,Monaco Grand Prix,RIC,RB,12.0,12.0,76,78,0.9743589743589743,0,0.11627906976744186,0.17647058823529413,0.15384615384615385,2
2024,Monaco Grand Prix,RUS,Mercedes,5.0,5.0,78,78,1.0,0,0.08196721311475409,0.06504065040650407,0.1509433962264151,2
2024,Monaco Grand Prix,SAI,Ferrari,3.0,3.0,78,78,1.0,0,0.13333333333333333,0.13114754098360656,0.14814814814814814,2
2024,Monaco Grand Prix,SAR,Williams,15.0,15.0,76,78,0.9743589743589743,0,0.18181818181818182,0.19672131147540983,0.14545454545454545,2
2024,Monaco Grand Prix,STR,Aston Martin,13.0,13.0,76,78,0.9743589743589743,0,0.1,0.09016393442622951,0.14285714285714285,2
2024,Monaco Grand Prix,TSU,RB,8.0,8.0,77,78,0.9871794871794872,0,0.18333333333333332,0.17142857142857143,0.14035087719298245,2
2024,Monaco Grand Prix,VER,Red Bull Racing,6.0,6.0,78,78,1.0,0,0.03278688524590164,0.07317073170731707,0.13793103448275862,2
2024,Monaco Grand Prix,ZHO,Kick Sauber,18.0,18.0,76,78,0.9743589743589743,0,0.16393442622950818,0.11428571428571428,0.13559322033898305,2
2024,Qatar Grand Prix,ALB,Williams,16.0,16.0,56,57,0.9824561403508771,0,0.21311475409836064,0.1951219512195122,0.10526315789473684,2
2024,Qatar Grand Prix,ALO,Aston Martin,8.0,8.0,57,57,1.0,0,0.12903225806451613,0.08943089430894309,0.1,2
2024,Qatar Grand Prix,BOT,Kick Sauber,13.0,13.0,57,57,1.0,0,0.16129032258064516,0.1111111111111111,0.09523809523809523,2
2024,Qatar Grand Prix,COL,Williams,19.0,19.0,1,57,0.017543859649122806,1,0.2,0.1935483870967742,0.09090909090909091,2
2024,Qatar Grand Prix,GAS,Alpine,11.0,11.0,57,57,1.0,0,0.12903225806451613,0.1532258064516129,0.13043478260869565,2
2024,Qatar Grand Prix,HAM,Mercedes,6.0,6.0,57,57,1.0,0,0.04838709677419355,0.06451612903225806,0.125,2
2024,Qatar Grand Prix,HUL,Haas F1 Team,18.0,18.0,40,57,0.7017543859649122,1,0.047619047619047616,0.0975609756097561,0.12,2
2024,Qatar Grand Prix,LAW,RB,17.0,17.0,57,57,1.0,0,0.0,0.16666666666666666,0.15384615384615385,2
2024,Qatar Grand Prix,LEC,Ferrari,5.0,5.0,57,57,1.0,0,0.12903225806451613,0.13008130081300814,0.14814814814814814,2
2024,Qatar Grand Prix,MAG,Haas F1 Team,10.0,10.0,57,57,1.0,0,0.13114754098360656,0.10483870967741936,0.14285714285714285,2
2024,Qatar Grand Prix,NOR,McLaren,3.0,3.0,57,57,1.0,0,0.04838709677419355,0.07258064516129033,0.13793103448275862,2
2024,Qatar Grand Prix,OCO,Alpine,20.0,20.0,1,57,0.017543859649122806,1,0.14754098360655737,0.152,0.13333333333333333,2
2024,Qatar Grand Prix,PER,Red Bull Racing,9.0,9.0,39,57,0.6842105263157895,1,0.11290322580645161,0.07258064516129033,0.16129032258064516,2
2024,Qatar Grand Prix,PIA,McLaren,4.0,4.0,57,57,1.0,0,0.075,0.072,0.1875,2
2024,Qatar Grand Prix,RUS,Mercedes,2.0,2.0,57,57,1.0,0,0.08064516129032258,0.064,0.18181818181818182,2
2024,Qatar Grand Prix,SAI,Ferrari,7.0,7.0,57,57,1.0,0,0.13114754098360656,0.12903225806451613,0.17647058823529413,2
2024,Qatar Grand Prix,STR,Aston Martin,15.0,15.0,8,57,0.14035087719298245,1,0.09836065573770492,0.08870967741935484,0.17142857142857143,2
2024,Qatar Grand Prix,TSU,RB,14.0,14.0,57,57,1.0,0,0.18032786885245902,0.16216216216216217,0.19444444444444445,2
2024,Qatar Grand Prix,VER,Red Bull Racing,1.0,1.0,57,57,1.0,0,0.03225806451612903,0.08,0.1891891891891892,2
2024,Qatar Grand Prix,ZHO,Kick Sauber,12.0,12.0,57,57,1.0,0,0.16129032258064516,0.10810810810810811,0.18421052631578946,2
2024,Saudi Arabian Grand Prix,ALB,Williams,12.0,12.0,50,50,1.0,0,0.20967741935483872,0.2,0.15789473684210525,2
2024,Saudi Arabian Grand Prix,ALO,Aston Martin,4.0,4.0,50,50,1.0,0,0.12698412698412698,0.096,0.15384615384615385,2
2024,Saudi Arabian Grand Prix,BEA,Ferrari,11.0,11.0,50,50,1.0,0,0.0,0.128,0.15,2
2024,Saudi Arabian Grand Prix,BOT,Kick Sauber,16.0,16.0,49,50,0.98,0,0.15873015873015872,0.10526315789473684,0.14634146341463414,2
2024,Saudi Arabian Grand Prix,GAS,Alpine,18.0,18.0,1,50,0.02,1,0.12698412698412698,0.15873015873015872,0.14285714285714285,2
2024,Saudi Arabian Grand Prix,HAM,Mercedes,8.0,8.0,50,50,1.0,0,0.047619047619047616,0.06349206349206349,0.16279069767441862,2
2024,Saudi Arabian Grand Prix,HUL,Haas F1 Team,15.0,15.0,50,50,1.0,0,0.06976744186046512,0.104,0.1590909090909091,2
2024,Saudi Arabian Grand Prix,LEC,Ferrari,2.0,2.0,50,50,1.0,0,0.12698412698412698,0.12698412698412698,0.15555555555555556,2
2024,Saudi Arabian Grand Prix,MAG,Haas F1 Team,13.0,13.0,50,50,1.0,0,0.12903225806451613,0.10317460317460317,0.15217391304347827,2
2024,Saudi Arabian Grand Prix,NOR,McLaren,6.0,6.0,50,50,1.0,0,0.047619047619047616,0.07142857142857142,0.14893617021276595,2
2024,Saudi Arabian Grand Prix,OCO,Alpine,17.0,17.0,49,50,0.98,0,0.16129032258064516,0.16535433070866143,0.14583333333333334,2
2024,Saudi Arabian Grand Prix,PER,Red Bull Racing,3.0,3.0,50,50,1.0,0,0.12698412698412698,0.07936507936507936,0.14285714285714285,2
2024,Saudi Arabian Grand Prix,PIA,McLaren,5.0,5.0,50,50,1.0,0,0.07317073170731707,0.07086614173228346,0.14,2
2024,Saudi Arabian Grand Prix,RIC,RB,14.0,14.0,49,50,0.98,0,0.11363636363636363,0.15789473684210525,0.13725490196078433,2
2024,Saudi Arabian Grand Prix,RUS,Mercedes,7.0,7.0,50,50,1.0,0,0.07936507936507936,0.06299212598425197,0.1346153846153846,2
2024,Saudi Arabian Grand Prix,SAR,Williams,19.0,19.0,49,50,0.98,0,0.17647058823529413,0.1984126984126984,0.1320754716981132,2
2024,Saudi Arabian Grand Prix,STR,Aston Martin,10.0,10.0,6,50,0.12,1,0.11290322580645161,0.09523809523809523,0.12962962962962962,2
2024,Saudi Arabian Grand Prix,TSU,RB,9.0,9.0,49,50,0.98,0,0.1774193548387097,0.15384615384615385,0.14545454545454545,2
2024,Saudi Arabian Grand Prix,VER,Red Bull Racing,1.0,1.0,50,50,1.0,0,0.031746031746031744,0.07874015748031496,0.14285714285714285,2
2024,Saudi Arabian Grand Prix,ZHO,Kick Sauber,20.0,20.0,49,50,0.98,0,0.15873015873015872,0.10256410256410256,0.14035087719298245,2
2024,Singapore Grand Prix,ALB,Williams,11.0,11.0,15,62,0.24193548387096775,1,0.20634920634920634,0.1968503937007874,0.23076923076923078,2
2024,Singapore Grand Prix,ALO,Aston Martin,7.0,7.0,61,62,0.9838709677419355,0,0.125,0.10236220472440945,0.25,2
2024,Singapore Grand Prix,BOT,Kick Sauber,19.0,19.0,61,62,0.9838709677419355,0,0.15625,0.1,0.24390243902439024,2
2024,Singapore Grand Prix,COL,Williams,12.0,12.0,61,62,0.9838709677419355,0,0.3333333333333333,0.203125,0.23809523809523808,2
2024,Singapore Grand Prix,GAS,Alpine,18.0,18.0,61,62,0.9838709677419355,0,0.140625,0.1640625,0.23255813953488372,2
2024,Singapore Grand Prix,HAM,Mercedes,3.0,3.0,62,62,1.0,0,0.046875,0.0625,0.22727272727272727,2
2024,Singapore Grand Prix,HUL,Haas F1 Team,6.0,6.0,61,62,0.9838709677419355,0,0.06818181818181818,0.10236220472440945,0.2222222222222222,2
2024,Singapore Grand Prix,LEC,Ferrari,9.0,9.0,62,62,1.0,0,0.125,0.12598425196850394,0.21739130434782608,2
2024,Singapore Grand Prix,MAG,Haas F1 Team,14.0,14.0,57,62,0.9193548387096774,0,0.12698412698412698,0.1015625,0.2127659574468085,2
2024,Singapore Grand Prix,NOR,McLaren,1.0,1.0,62,62,1.0,0,0.046875,0.0703125,0.20833333333333334,2
2024,Singapore Grand Prix,OCO,Alpine,15.0,15.0,61,62,0.9838709677419355,0,0.15873015873015872,0.16279069767441862,0.20408163265306123,2
2024,Singapore Grand Prix,PER,Red Bull Racing,13.0,13.0,61,62,0.9838709677419355,0,0.125,0.078125,0.2,2
2024,Singapore Grand Prix,PIA,McLaren,5.0,5.0,62,62,1.0,0,0.07142857142857142,0.06976744186046512,0.19607843137254902,2
2024,Singapore Grand Prix,RIC,RB,16.0,16.0,61,62,0.9838709677419355,0,0.1111111111111111,0.15,0.19230769230769232,2
2024,Singapore Grand Prix,RUS,Mercedes,4.0,4.0,62,62,1.0,0,0.078125,0.06201550387596899,0.18867924528301888,2
2024,Singapore Grand Prix,SAI,Ferrari,10.0,10.0,62,62,1.0,0,0.12903225806451613,0.125,0.18518518518518517,2
2024,Singapore Grand Prix,STR,Aston Martin,17.0,17.0,61,62,0.9838709677419355,0,0.12698412698412698,0.1015625,0.18181818181818182,2
2024,Singapore Grand Prix,TSU,RB,8.0,8.0,61,62,0.9838709677419355,0,0.1746031746031746,0.14634146341463414,0.17857142857142858,2
2024,Singapore Grand Prix,VER,Red Bull Racing,2.0,2.0,62,62,1.0,0,0.03125,0.07751937984496124,0.17543859649122806,2
2024,Singapore Grand Prix,ZHO,Kick Sauber,20.0,20.0,61,62,0.9838709677419355,0,0.15625,0.0975609756097561,0.1724137931034483,2
2024,Spanish Grand Prix,ALB,Williams,19.0,19.0,65,66,0.9848484848484849,0,0.21875,0.20155038759689922,0.05,2
2024,Spanish Grand Prix,ALO,Aston Martin,11.0,11.0,65,66,0.9848484848484849,0,0.12307692307692308,0.10077519379844961,0.04878048780487805,2
2024,Spanish Grand Prix,BOT,Kick Sauber,12.0,12.0,65,66,0.9848484848484849,0,0.15384615384615385,0.09523809523809523,0.047619047619047616,2
2024,Spanish Grand Prix,GAS,Alpine,7.0,7.0,66,66,1.0,0,0.13846153846153847,0.16153846153846155,0.046511627906976744,2
2024,Spanish Grand Prix,HAM,Mercedes,3.0,3.0,66,66,1.0,0,0.046153846153846156,0.06153846153846154,0.045454545454545456,2
2024,Spanish Grand Prix,HUL,Haas F1 Team,13.0,13.0,66,66,1.0,0,0.06666666666666667,0.10077519379844961,0.044444444444444446,2
2024,Spanish Grand Prix,LEC,Ferrari,5.0,5.0,66,66,1.0,0,0.12307692307692308,0.12403100775193798,0.043478260869565216,2
2024,Spanish Grand Prix,MAG,Haas F1 Team,16.0,16.0,65,66,0.9848484848484849,0,0.125,0.1,0.0425531914893617,2
2024,Spanish Grand Prix,NOR,McLaren,1.0,1.0,66,66,1.0,0,0.046153846153846156,0.06923076923076923,0.041666666666666664,2
2024,Spanish Grand Prix,OCO,Alpine,9.0,9.0,66,66,1.0,0,0.15625,0.16030534351145037,0.04081632653061224,2
2024,Spanish Grand Prix,PER,Red Bull Racing,8.0,8.0,66,66,1.0,0,0.12307692307692308,0.07692307692307693,0.04,2
2024,Spanish Grand Prix,PIA,McLaren,10.0,10.0,66,66,1.0,0,0.06976744186046512,0.06870229007633588,0.0392156862745098,2
2024,Spanish Grand Prix,RIC,RB,18.0,18.0,65,66,0.9848484848484849,0,0.10869565217391304,0.14285714285714285,0.038461538461538464,2
2024,Spanish Grand Prix,RUS,Mercedes,4.0,4.0,66,66,1.0,0,0.07692307692307693,0.061068702290076333,0.03773584905660377,2
2024,Spanish Grand Prix,SAI,Ferrari,6.0,6.0,66,66,1.0,0,0.12698412698412698,0.12307692307692308,0.037037037037037035,2
2024,Spanish Grand Prix,SAR,Williams,20.0,20.0,64,66,0.9696969696969697,0,0.17142857142857143,0.2,0.03636363636363636,2
2024,Spanish Grand Prix,STR,Aston Martin,14.0,14.0,65,66,0.9848484848484849,0,0.125,0.1,0.03571428571428571,2
2024,Spanish Grand Prix,TSU,RB,17.0,17.0,65,66,0.9848484848484849,0,0.171875,0.13953488372093023,0.03508771929824561,2
2024,Spanish Grand Prix,VER,Red Bull Racing,2.0,2.0,66,66,1.0,0,0.03076923076923077,0.07633587786259542,0.034482758620689655,2
2024,Spanish Grand Prix,ZHO,Kick Sauber,15.0,15.0,65,66,0.9848484848484849,0,0.15384615384615385,0.09302325581395349,0.03389830508474576,2
2024,São Paulo Grand Prix,ALO,Aston Martin,9.0,9.0,69,69,1.0,0,0.12121212121212122,0.09923664122137404,0.225,2
2024,São Paulo Grand Prix,BEA,Haas F1 Team,17.0,17.0,69,69,1.0,0,0.0,0.09923664122137404,0.21951219512195122,2
2024,São Paulo Grand Prix,BOT,Kick Sauber,11.0,11.0,69,69,1.0,0,0.15151515151515152,0.09090909090909091,0.21428571428571427,2
2024,São Paulo Grand Prix,COL,Williams,18.0,18.0,30,69,0.43478260869565216,1,0.2857142857142857,0.1984732824427481,0.20930232558139536,2
2024,São Paulo Grand Prix,GAS,Alpine,15.0,15.0,69,69,1.0,0,0.13636363636363635,0.1590909090909091,0.22727272727272727,2
2024,São Paulo Grand Prix,HAM,Mercedes,16.0,16.0,69,69,1.0,0,0.045454545454545456,0.06060606060606061,0.2222222222222222,2
2024,São Paulo Grand Prix,HUL,Haas F1 Team,19.0,19.0,30,69,0.43478260869565216,1,0.06521739130434782,0.09848484848484848,0.21739130434782608,2
2024,São Paulo Grand Prix,LAW,RB,5.0,5.0,69,69,1.0,0,0.0,0.13636363636363635,0.23404255319148937,2
2024,São Paulo Grand Prix,LEC,Ferrari,6.0,6.0,69,69,1.0,0,0.12121212121212122,0.12213740458015267,0.22916666666666666,2
2024,São Paulo Grand Prix,NOR,McLaren,1.0,1.0,69,69,1.0,0,0.045454545454545456,0.06818181818181818,0.22448979591836735,2
2024,São Paulo Grand Prix,OCO,Alpine,4.0,4.0,69,69,1.0,0,0.15384615384615385,0.15789473684210525,0.22,2
2024,São Paulo Grand Prix,PER,Red Bull Racing,13.0,13.0,69,69,1.0,0,0.12121212121212122,0.07575757575757576,0.21568627450980393,2
2024,São Paulo Grand Prix,PIA,McLaren,8.0,8.0,69,69,1.0,0,0.06818181818181818,0.06766917293233082,0.21153846153846154,2
2024,São Paulo Grand Prix,RUS,Mercedes,2.0,2.0,69,69,1.0,0,0.07575757575757576,0.06015037593984962,0.20754716981132076,2
2024,São Paulo Grand Prix,SAI,Ferrari,14.0,14.0,39,69,0.5652173913043478,1,0.125,0.12121212121212122,0.2037037037037037,2
2024,São Paulo Grand Prix,STR,Aston Martin,10.0,10.0,1,69,0.014492753623188406,1,0.12307692307692308,0.09848484848484848,0.21818181818181817,2
2024,São Paulo Grand Prix,TSU,RB,3.0,3.0,69,69,1.0,0,0.16923076923076924,0.13333333333333333,0.23214285714285715,2
2024,São Paulo Grand Prix,VER,Red Bull Racing,12.0,12.0,69,69,1.0,0,0.030303030303030304,0.07518796992481203,0.22807017543859648,2
2024,São Paulo Grand Prix,ZHO,Kick Sauber,20.0,20.0,69,69,1.0,0,0.15151515151515152,0.08888888888888889,0.22413793103448276,2
2024,United States Grand Prix,ALB,Williams,16.0,16.0,55,56,0.9821428571428571,0,0.2153846153846154,0.20454545454545456,0.15,2
2024,United States Grand Prix,ALO,Aston Martin,8.0,8.0,55,56,0.9821428571428571,0,0.11940298507462686,0.10526315789473684,0.14634146341463414,2
2024,United States Grand Prix,BOT,Kick Sauber,18.0,18.0,55,56,0.9821428571428571,0,0.14925373134328357,0.08695652173913043,0.14285714285714285,2
2024,United States Grand Prix,COL,Williams,17.0,17.0,56,56,1.0,0,0.375,0.20300751879699247,0.13953488372093023,2
2024,United States Grand Prix,GAS,Alpine,7.0,7.0,56,56,1.0,0,0.13432835820895522,0.15671641791044777,0.13636363636363635,2
2024,United States Grand Prix,HAM,Mercedes,19.0,19.0,2,56,0.03571428571428571,1,0.04477611940298507,0.05970149253731343,0.13333333333333333,2
2024,United States Grand Prix,HUL,Haas F1 Team,12.0,12.0,56,56,1.0,0,0.0851063829787234,0.10526315789473684,0.15217391304347827,2
2024,United States Grand Prix,LAW,RB,15.0,15.0,56,56,1.0,0,0.0,0.13043478260869565,0.14893617021276595,2
2024,United States Grand Prix,LEC,Ferrari,4.0,4.0,56,56,1.0,0,0.11940298507462686,0.12781954887218044,0.14583333333333334,2
2024,United States Grand Prix,MAG,Haas F1 Team,9.0,9.0,56,56,1.0,0,0.12307692307692308,0.1044776119402985,0.14285714285714285,2
2024,United States Grand Prix,NOR,McLaren,1.0,1.0,56,56,1.0,0,0.04477611940298507,0.06716417910447761,0.14,2
2024,United States Grand Prix,OCO,Alpine,13.0,13.0,55,56,0.9821428571428571,0,0.15151515151515152,0.15555555555555556,0.13725490196078433,2
2024,United States Grand Prix,PER,Red Bull Racing,10.0,10.0,56,56,1.0,0,0.11940298507462686,0.07462686567164178,0.1346153846153846,2
2024,United States Grand Prix,PIA,McLaren,5.0,5.0,56,56,1.0,0,0.06666666666666667,0.06666666666666667,0.1320754716981132,2
2024,United States Grand Prix,RUS,Mercedes,6.0,6.0,56,56,1.0,0,0.07462686567164178,0.06666666666666667,0.12962962962962962,2
2024,United States Grand Prix,SAI,Ferrari,3.0,3.0,56,56,1.0,0,0.13846153846153847,0.12686567164179105,0.12727272727272726,2
2024,United States Grand Prix,STR,Aston Martin,14.0,14.0,55,56,0.9821428571428571,0,0.13636363636363635,0.1044776119402985,0.125,2
2024,United States Grand Prix,TSU,RB,11.0,11.0,55,56,0.9821428571428571,0,0.16666666666666666,0.1276595744680851,0.12280701754385964,2
2024,United States Grand Prix,VER,Red Bull Racing,2.0,2.0,56,56,1.0,0,0.029850746268656716,0.07407407407407407,0.1206896551724138,2
2024,United States Grand Prix,ZHO,Kick Sauber,20.0,20.0,55,56,0.9821428571428571,0,0.14925373134328357,0.0851063829787234,0.11864406779661017,2
