{
  "n_estimators": 560,
  "max_depth": 8,
  "learning_rate": 0.04032114839766642,
  "subsample": 0.7880706841213257,
  "colsample_bytree": 0.9544645153303132,
  "min_child_weight": 2,
  "reg_alpha": 0.052660091188093866,
  "reg_lambda": 0.0006491902069854943
}