{
  "n_estimators": 339,
  "max_depth": 6,
  "learning_rate": 0.05195655852690357,
  "subsample": 0.8309944496168242,
  "colsample_bytree": 0.7658065431256393,
  "min_child_weight": 2,
  "reg_alpha": 1.6528671896006563e-05,
  "reg_lambda": 0.0001425657253173466
}