{
  "n_estimators": 639,
  "max_depth": 8,
  "learning_rate": 0.017347563063548288,
  "subsample": 0.8061715296089684,
  "colsample_bytree": 0.9160754779068269,
  "min_child_weight": 8,
  "reg_alpha": 1.0498251869288737e-06,
  "reg_lambda": 0.08593736077833214
}